"Name","Dependencies","MissionCategory","VillageType","FirstStep","Deprecated","Action","Character","FixVillageObject","BuildBuilding","BuildBuildingLevel","BuildBuildingCount","DefendNPC","AttackNPC","Delay","TrainTroops","ShowMap","ClientCondition","ClientStartAction","TutorialText","TutorialStep","Darken","TutorialTextBox","TutorialCharacter","CharacterSWF","LoopAnim","SwitchAnim","SpeechBubble","RightAlignTextBox","ButtonText","TutorialMusic","TutorialSound","HighlightArrowPath","HighlightArrowDirection","ClientAction","RewardResource","RewardResourceCount","RewardXP","RewardTroop","RewardTroopCount","CustomData","Villagers","ForceCamera","WaitUntilPopupIsClosed","LinkedReengagementStep","RewindOnConditionFail","ProgressWithCondition"
"String","String","int","int","boolean","boolean","String","String","String","String","int","int","String","String","int","int","boolean","String","String","String","int","boolean","String","String","String","boolean","boolean","String","boolean","String","String","String","String","String","String","String","int","int","String","int","int","int","boolean","boolean","int","boolean","boolean"
"step1 cannon",,0,0,,,,,,"Cannon",1,1,,,2000,,,,,"TID_TUTORIAL_CANNON_1",,"true","tutorial_friendly","character_friendly_neutral","sc/tutorial_character_neutral.sc",,,"bubble_no_button_left","false",,"music/fem_talk.mp3","sfx/tutor_happy_01.ogg",,,,,,,,,,,,,,,
,,,,,,,,,,,,,,,,,,,"TID_TUTORIAL_CANNON_2",,"true","tutorial_friendly","character_friendly_neutral","sc/tutorial_character_neutral.sc",,,"bubble_no_button_left","false",,,"sfx/tutor_no_talk_woop_01.ogg",,,,,,,,,,,,,,,
,,,,,,,,,,,,,,,,,,,"TID_TUTORIAL_DEFEND_1b",,"true","tutorial_enemy","character_enemy_goblin","sc/tutorial_characters.sc",,,"bubble_no_button_right","true",,"music/goblin_talk.mp3","sfx/goblin_talk_4.ogg",,,,,,,,,,,,,,,
,,,,,,,,,,,,,,,,,,,"TID_TUTORIAL_CANNON_3",1,,"tutorial_friendly_scared","character_friendly_fear","sc/tutorial_character_neutral.sc",,,"bubble_no_button_left","false",,"music/fem_talk_scared.mp3","sfx/tutor_urgency_01.ogg",,,,,,,,,,,,,,,
,,,,,,,,,,,,,,,,,,,"TID_TUTORIAL_CANNON_4",2,,"tutorial_friendly_scared","character_friendly_fear","sc/tutorial_character_neutral.sc",,,"bubble_no_button_left","false",,,"sfx/tutor_no_talk_woop_01.ogg",,,,,,,,,,,,,,,
,,,,,,,,,,,,,,,,,,,"TID_TUTORIAL_CANNON_5",3,,"tutorial_friendly","character_friendly_neutral","sc/tutorial_character_neutral.sc",,,"bubble_no_button_left","false",,,"sfx/tutor_no_talk_woop_01.ogg",,,,,,,,,,,,,,,
"step2 defend","step1 cannon",0,0,,,,,,,,,"TutorialNPC",,,,,,,"TID_TUTORIAL_DEFEND_1",1,"true","tutorial_enemy","character_enemy_goblin","sc/tutorial_characters.sc",,,"bubble_with_button_right","true","TID_TUTORIAL_DEFEND_BUTTON","music/gob_attack.mp3","sfx/goblin_talk_3.ogg",,,,,,,"Wizard",3,,,,,,,
,,,,,,,,,,,,,,1000,,,,,"TID_TUTORIAL_DEFEND_2",,"true","tutorial_friendly","character_friendly_neutral","sc/tutorial_character_neutral.sc",,,"bubble_no_button_left","false",,"music/fem_talk.mp3","sfx/tutor_relief_01.ogg",,,,,,,,,,,,,,,
,,,,,,,,,,,,,,,,,,,"TID_TUTORIAL_DEFEND_4",,"true","tutorial_friendly","character_friendly_neutral","sc/tutorial_character_neutral.sc",,,"bubble_no_button_left","false",,,"sfx/tutor_no_talk_woop_01.ogg",,,,,,,,,,,,,,,
"step3 first attack","step2 defend",0,0,,,,,,,,,,"TutorialNPC",,,,,,"TID_TUTORIAL_ATTACK_NPC_1",1,,"tutorial_friendly","character_friendly_neutral","sc/tutorial_character_neutral.sc",,,"bubble_with_button_left","false","TID_TUTORIAL_ATTACK_NPC_BUTTON",,"sfx/tutor_hey_01.ogg",,,,,,,,,0,,,,,,
"step4 second builder","step3 first attack",0,0,,,,,,"Worker Building",1,2,,,,,,,,"TID_TUTORIAL_WORKER_1",,,"tutorial_friendly","character_friendly_neutral","sc/tutorial_character_neutral.sc",,,"bubble_no_button_left","false",,"music/home_music_part_1.ogg","sfx/tutor_wow_01.ogg",,,,,,,,,,,,,,,
,,,,,,,,,,,,,,,,,,,"TID_TUTORIAL_WORKER_2",1,,"tutorial_friendly","character_friendly_neutral","sc/tutorial_character_neutral.sc",,,"bubble_no_button_left","false",,,"sfx/tutor_no_talk_woop_01.ogg",,,,,,,,,,,,,,,
"step5 elixir pump","step4 second builder",0,0,,,,,,"Elixir Pump",1,1,,,,,,,,"TID_TUTORIAL_ELIXIR_1",,"true","tutorial_friendly","character_friendly_neutral","sc/tutorial_character_neutral.sc",,,"bubble_no_button_left","false",,,"sfx/tutor_urgency_02.ogg",,,,,,,,,,,,,,,
,,,,,,,,,,,,,,,,,,,"TID_TUTORIAL_ELIXIR_2",1,,"tutorial_friendly","character_friendly_neutral","sc/tutorial_character_neutral.sc",,,"bubble_no_button_left","false",,,"sfx/tutor_no_talk_woop_01.ogg",,,,,,,,,,,,,,,
"step6 elixir storage","step5 elixir pump",0,0,,,,,,"Elixir Storage",1,1,,,,,,,,"TID_TUTORIAL_ELIXIR_STORAGE_1",,"true","tutorial_friendly","character_friendly_neutral","sc/tutorial_character_neutral.sc",,,"bubble_no_button_left","false",,,"sfx/tutor_no_talk_woop_01.ogg",,,,"Elixir",1500,,,,,,,,,,
,,,,,,,,,,,,,,,,,,,"TID_TUTORIAL_ELIXIR_STORAGE_2",1,,"tutorial_friendly","character_friendly_neutral","sc/tutorial_character_neutral.sc",,,"bubble_no_button_left","false",,,"sfx/tutor_urgency_04.ogg",,,,,,,,,,,,,,,
"step7 gold storage","step6 elixir storage",0,0,,,,,,"Gold Storage",1,1,,,,,,,,"TID_TUTORIAL_GOLD_STORAGE_1",,"true","tutorial_friendly","character_friendly_neutral","sc/tutorial_character_neutral.sc",,,"bubble_no_button_left","false",,,"sfx/tutor_no_talk_woop_01.ogg",,,,"Gold",1500,,,,,,,,,,
,,,,,,,,,,,,,,,,,,,"TID_TUTORIAL_GOLD_STORAGE_2",1,,"tutorial_friendly","character_friendly_neutral","sc/tutorial_character_neutral.sc",,,"bubble_no_button_left","false",,,"sfx/tutor_no_talk_woop_01.ogg",,,,,,,,,,,,,,,
,,,,,,,,,,,,,,,,,,,"TID_TUTORIAL_DEFEND_5",,"true","tutorial_enemy","character_enemy_goblin","sc/tutorial_characters.sc",,,"bubble_no_button_right","true","TID_TUTORIAL_ATTACK_NPC_BUTTON","music/gob_attack.mp3","sfx/goblin_talk_2.ogg",,,,,,,,,,,,,,,
"step8 barrack","step7 gold storage",0,0,,,,,,"Barrack",1,1,,,,,,,,"TID_TUTORIAL_BARRACK_1",1,,"tutorial_friendly_scared","character_friendly_fear","sc/tutorial_character_neutral.sc",,,"bubble_no_button_left","false",,"music/fem_talk_scared.mp3","sfx/tutor_urgency_05.ogg",,,,,,,,,,,,,,,
"step9 train warriors","step8 barrack",0,0,,,,,,,,,,,,15,,,,"TID_TUTORIAL_TRAIN_1",1,,"tutorial_friendly","character_friendly_neutral","sc/tutorial_character_neutral.sc",,,"bubble_no_button_left","false",,,"sfx/tutor_no_talk_woop_01.ogg",,,,,,,,,,,,,,,
,,,,,,,,,,,,,,,,,,,"TID_TUTORIAL_TRAIN_2",2,,"tutorial_friendly","character_friendly_neutral","sc/tutorial_character_neutral.sc",,,"bubble_no_button_left","false",,,"sfx/tutor_urgency_04.ogg",,,,,,,,,,,,,,,
"step10 second attack","step9 train warriors",0,0,,,,,,,,,,"TutorialNPC2",,,"true",,,"TID_TUTORIAL_ATTACK_NPC_2",,"true","tutorial_friendly","character_friendly_neutral","sc/tutorial_character_neutral.sc",,,"bubble_no_button_left","false",,,"sfx/tutor_talk_aha_01.ogg",,,,,,,,,1,,,,,,
"step11 change name","step10 second attack",0,0,,,"change_name",,,,,,,,,,,,,"TID_TUTORIAL_CHANGE_NAME",,"true","tutorial_friendly","character_friendly_neutral","sc/tutorial_character_neutral.sc",,,"bubble_no_button_left","false",,,"sfx/tutor_no_talk_woop_01.ogg",,,,"Elixir",400,,,,,,,,,,
"step12 upgrade town hall","step11a enter age",0,0,,,,,,"Town Hall",2,1,,,,,,,,"TID_TUTORIAL_TOWN_HALL_1",1,,"tutorial_friendly","character_friendly_neutral","sc/tutorial_character_neutral.sc",,,"bubble_no_button_left","false",,,"sfx/tutor_happy_01.ogg",,,,"Gold",900,,,,,,,,,,
,,,,,,,,,,,,,,,,,,,"TID_TUTORIAL_TOWN_HALL_2",,"true","tutorial_friendly","character_friendly_neutral","sc/tutorial_character_neutral.sc",,,"bubble_no_button_left","false",,,"sfx/tutor_no_talk_woop_01.ogg",,,,,,,,,,,,,,,
"step13 show builder menu","step12 upgrade town hall",3,0,,,"custom",,,,,,,,,,,"noPopups && townHallLevel() < 3",,,-1,,,,,,,,,,,,"UI:HUD.buildermenu","up",,,,,,,,,,,,,
,,,,,,,,,,,,,,,,,"noPopups && isBuilderMenuVisible",,"TID_TUTORIAL_BUILDER_MENU",0,"true","tutorial_friendly","character_friendly_neutral","sc/tutorial_character_neutral.sc",,,"bubble_no_button_left","false",,,"sfx/tutor_happy_01.ogg",,,,,,,,,,,,,,,
"step14 war map own side",,1,0,"true",,"switch_sides",,,,,,,,1000,,,,,"TID_TUTORIAL_WAR_MAP_FRIENDLY_1",,"true","tutorial_friendly","character_friendly_neutral_war","sc/tutorial_character_neutral.sc",,,"bubble_no_button_left","false",,,"sfx/tutor_hey_01.ogg",,,,,,,,,,,,,,,
,,,,,,,,,,,,,,,,,,,"TID_TUTORIAL_WAR_MAP_FRIENDLY_2",,"true","tutorial_friendly","character_friendly_neutral_war","sc/tutorial_character_neutral.sc",,,"bubble_no_button_left","false",,,"sfx/tutor_no_talk_woop_01.ogg",,,,,,,,,,,,,,,
,,,,,,,,,,,,,,,,,,,"TID_TUTORIAL_WAR_MAP_FRIENDLY_3",1,,"tutorial_friendly","character_friendly_neutral_war","sc/tutorial_character_neutral.sc",,,"bubble_no_button_left","false",,,"sfx/tutor_talk_aha_01.ogg",,,,,,,,,,,,,,,
"step15 war map enemy","step14 war map own side",1,0,,,"switch_sides",,,,,,,,500,,,,,"TID_TUTORIAL_WAR_MAP_ENEMY_1",,"true","tutorial_friendly_scared","character_friendly_fear","sc/tutorial_character_neutral.sc",,,"bubble_no_button_left","false",,,"sfx/tutor_wow_01.ogg",,,,,,,,,,,,,,,
,,,,,,,,,,,,,,,,,,,"TID_TUTORIAL_WAR_MAP_ENEMY_2",,"true","tutorial_friendly","character_friendly_neutral_war","sc/tutorial_character_neutral.sc",,,"bubble_no_button_left","false",,,"sfx/tutor_no_talk_woop_01.ogg",,,,,,,,,,,,,,,
,,,,,,,,,,,,,,,,,,,"TID_TUTORIAL_WAR_MAP_ENEMY_3",1,,"tutorial_friendly","character_friendly_neutral_war","sc/tutorial_character_neutral.sc",,,"bubble_no_button_left","false",,,"sfx/tutor_no_talk_woop_01.ogg",,,,,,,,,,,,,,,
"step16 show info","step15 war map enemy",1,0,,,"open_info",,,,,,,,200,,,,,"TID_TUTORIAL_WAR_DONATE_1",,"true","tutorial_friendly","character_friendly_neutral_war","sc/tutorial_character_neutral.sc",,,"bubble_no_button_left","false",,,"sfx/tutor_happy_01.ogg",,,,,,,,,,,,,,,
,,,,,,,,,,,,,,,,,,,"TID_TUTORIAL_WAR_BATTLE_1",,"true","tutorial_friendly","character_friendly_neutral_war","sc/tutorial_character_neutral.sc",,,"bubble_no_button_left","false",,,"sfx/tutor_no_talk_woop_01.ogg",,,,,,,,,,,,,,,
,,,,,,,,,,,,,,,,,,,"TID_TUTORIAL_WAR_INFO_1",,"true","tutorial_friendly","character_friendly_neutral_war","sc/tutorial_character_neutral.sc",,,"bubble_no_button_left","false",,,"sfx/tutor_no_talk_woop_01.ogg",,,,,,,,,,,,,,,
,,,,,,,,,,,,,,,,,,,,1,,,,,,,,,,,,,,,,,,,,,,,,,,
"step17 show state","step16 show info",1,0,,"true","tap_game_object",,,,,,,,,,,,,,1,,"tutorial_friendly","character_friendly_neutral_war","sc/tutorial_character_neutral.sc",,,"bubble_no_button_left","false",,,"sfx/tutor_talk_aha_01.ogg",,,,,,,,,,,,,,,
,,,,,,,,,,,,,,,,,,,,2,,"tutorial_friendly","character_friendly_neutral_war","sc/tutorial_character_neutral.sc",,,"bubble_no_button_left","false",,,"sfx/tutor_no_talk_woop_01.ogg",,,,,,,,,,,,,,,
,,,,,,,,,,,,,,,,,,,,3,,"tutorial_friendly","character_friendly_neutral_war","sc/tutorial_character_neutral.sc",,,"bubble_no_button_left","false",,,"sfx/tutor_happy_01.ogg",,,,,,,,,,,,,,,
"ship repair move",,2,0,"TRUE",,,,,,,,,,,,,,,"TID_TUTORIAL_SHIP_LOAD_SHIP",,,"tutorial_friendly","character_friendly_neutral","sc/tutorial_character_neutral.sc",,,"bubble_no_button_left","false",,,"sfx/tutor_hey_01.ogg",,,,,,,,,,3,,,,,
,,,,,,,,,,,,,,,,,,,,1,,,,,,,,,,,,,,,,,,,,,,,,,,
"ship repair finished","ship repair move",2,0,,,"travel",,"Shipyard",,,,,,500,,,,,"TID_TUTORIAL_SHIP_READY",,,"tutorial_friendly","character_friendly_neutral","sc/tutorial_character_neutral.sc",,,"bubble_no_button_left","false",,,"sfx/tutor_no_talk_woop_01.ogg",,,,,,,,,,,,,,,
"ship fix1","ship repair finished",2,1,,,,,,"Town Hall2",2,1,,,4250,,,,,"TID_TUTORIAL_SHIP_ARRIVE",,,"tutorial_friendly_v2","character_friendly_neutral","sc/tutorial_character_neutral.sc",,,"bubble_no_button_left","false",,,"sfx/tutor_talk_aha_01.ogg",,,,,,,,,,,"TRUE",,,,
,,,,,,,,,,,,,,,,,,,"TID_TUTORIAL_SHIP_ARRIVE_FIX_VILLAGE",1,,"tutorial_friendly_v2","character_friendly_neutral","sc/tutorial_character_neutral.sc",,,"bubble_no_button_left","false",,,"sfx/tutor_no_talk_woop_01.ogg",,,,,,,,,,,,,,,
"ship fix2","ship fix1",2,1,,,,,,,,,,,0,,,,,"TID_TUTORIAL_VILLAGERS_MOVE_OUT",,,"tutorial_friendly_v2","character_friendly_neutral","sc/tutorial_character_neutral.sc",,,"bubble_no_button_left","false",,,"sfx/tutor_relief_01.ogg",,,,,,,,,,3,,,,,
"upgrade unit","ship fix2",2,1,,,"upgrade2","Barbarian2",,,,,,,,,,,,"TID_TUTORIAL_MEET_NEW_BUILDER",,"true","tutorial_builder_v2","character_builder_sleeping","sc/tutorial_characters_v2.sc","TRUE",,"bubble_no_button_right_top_v2","true",,,"sfx/tut_builder_snore_01.ogg",,,,,,,,,,,,,,,
,,,,,,,,,,,,,,,,,,,"TID_TUTORIAL_MEET_NEW_BUILDER2",,"true","tutorial_builder_v2","character_builder_sleep_to_talk","sc/tutorial_characters_v2.sc",,"TRUE","bubble_no_button_right_top_v2","true",,,"sfx/tut_builder_wakeup_01.ogg",,,,,,,,,,,,,,,
,,,,,,,,,,,,,,,,,,,"TID_TUTORIAL_MEET_NEW_BUILDER3",,"true","tutorial_friendly_scared_v2","character_friendly_fear","sc/tutorial_character_neutral.sc",,,"bubble_no_button_left","false",,,"sfx/tutor_urgency_01.ogg",,,,,,,,,,,,,,,
,,,,,,,,,,,,,,,,,,,"TID_TUTORIAL_MEET_NEW_BUILDER4",,"TRUE","tutorial_builder_short_v2","character_builder_talking","sc/tutorial_characters_v2.sc",,,"bubble_no_button_right_top_v2","true",,,"sfx/tut_builder_surprised_01.ogg",,,,,,,,,,,,,,,
,,,,,,,,,,,,,,,,,,,"TID_TUTORIAL_LOOK_LABORATORY",1,,"tutorial_builder_short_v2","character_builder_talking","sc/tutorial_characters_v2.sc",,,"bubble_no_button_right_top_v2","true",,,"sfx/tutor_no_talk_woop_01.ogg",,,,,,,,,,,,,,,
,,,,,,,,,,,,,,,,,,,"TID_TUTORIAL_LOOK_LABORATORY_DO",,"TRUE","tutorial_builder_short_v2","character_builder_talking","sc/tutorial_characters_v2.sc",,"TRUE","bubble_no_button_right_top_v2","true",,,"sfx/tut_builder_surprised_01.ogg",,,,,,,,,,,,,,,
,,,,,,,,,,,,,,,,,,,"TID_TUTORIAL_LOOK_FINISH",,"TRUE","tutorial_friendly_v2","character_friendly_neutral","sc/tutorial_character_neutral.sc",,,"bubble_no_button_left","false",,,"sfx/tutor_happy_01.ogg",,,,,,,,,,,,,,,
"duel","upgrade unit",2,1,,,"duel",,,,,,,"DuelNPC",0,,,,,"TID_TUTORIAL_ATTACK",,,"tutorial_builder_short_v2","character_builder_talking","sc/tutorial_characters_v2.sc",,,"bubble_no_button_right_top_v2","true",,,"sfx/tut_builder_neutral_01.ogg",,,,,,,,,2,,,,,,
"duel done","duel",2,1,,,"duel_end",,,,,,,"DuelNPC",0,,,,,"TID_TUTORIAL_ATTACK_DONE",,,"tutorial_friendly_scared_v2","character_friendly_fear","sc/tutorial_character_neutral.sc",,,"bubble_no_button_left","false",,,"sfx/tutor_urgency_04.ogg",,,,,,,,,,,,,,,
,,,,,,,,,,,,,,,,,,,"TID_TUTORIAL_ATTACK_DONE2",,,"tutorial_builder_short_v2","character_builder_talking","sc/tutorial_characters_v2.sc",,,"bubble_no_button_right_top_v2","true",,,"sfx/tut_builder_neutral_01.ogg",,,,,,,,,,,,,,,
"duel done2","duel done",2,1,,,"duel_end2",,,,,,,,,,,,,"TID_TUTORIAL_ATTACK_DONE3",0,,"tutorial_friendly_v2","character_friendly_happy_open","sc/tutorial_character_neutral.sc",,,"bubble_no_button_left","false",,,"sfx/tutor_happy_01.ogg",,,,,,,,,,,,,,,
"worker task","duel done2",2,1,,,"show_builder_menu",,,,,,,,0,,,,,"TID_TUTORIAL_WORKER_MENU",0,,"tutorial_builder_short_v2","character_builder_talking","sc/tutorial_characters_v2.sc",,,"bubble_no_button_right_top_v2","true",,,"sfx/tut_builder_neutral_01.ogg",,,,,,,,,,,,,,,
,,,,,,,,,,,,,,0,,,,,"TID_TUTORIAL_WORKER_MENU2",1,,"tutorial_builder_short_v2","character_builder_talking","sc/tutorial_characters_v2.sc",,,"bubble_no_button_right_top_v2","true",,,"sfx/tut_builder_neutral_01.ogg",,,,,,,,,,,,,,,
,,,,,,,,,,,,,,0,,,,,"TID_TUTORIAL_WORKER_MENU3",2,,"tutorial_builder_short_v2","character_builder_talk_to_sleep","sc/tutorial_characters_v2.sc",,"TRUE","bubble_no_button_right_top_v2","true",,,"sfx/tut_builder_backtosleep_01.ogg",,,,,,,,,,,,,,,
,,,,,,,,,,,,,,0,,,,,"TID_TUTORIAL_WORKER_MENU4",3,,"tutorial_friendly_v2","character_friendly_neutral","sc/tutorial_character_neutral.sc",,,"bubble_no_button_left","false",,,"sfx/tutor_hey_01.ogg",,,,,,,,,,,,,,,
"clan games tutorial","step12 upgrade town hall",0,0,,"TRUE","tap_game_object",,,,,,,,2000,,,,,"TID_TUTORIAL_CLANGAMES_1",,"true","tutorial_friendly","character_strongman_neutral","sc/ui.sc",,,"bubble_no_button_left","false",,"music/fem_talk.mp3","sfx/tutor_happy_01.ogg",,,,,,,,,,,,,,,
,,,,,,,,,,,,,,,,,,,"TID_TUTORIAL_CLANGAMES_2",,"true","tutorial_friendly","character_strongman_neutral","sc/ui.sc",,,"bubble_no_button_left","false",,"music/fem_talk.mp3","sfx/tutor_happy_01.ogg",,,,,,,,,,,,,,,
"magic items tutorial","step12 upgrade town hall",0,0,,"TRUE","tap_game_object",,,"Alliance Castle",2,1,,,2000,,,,,"TID_TUTORIAL_MAGICITEMS_1",,"true","tutorial_friendly","character_friendly_neutral","sc/tutorial_character_neutral.sc",,,"bubble_no_button_left","false",,"music/fem_talk.mp3","sfx/tutor_happy_01.ogg",,,,,,,,,,,,,,,
,,,,,,,,,,,,,,,,,,,"TID_TUTORIAL_MAGICITEMS_2",,"true","tutorial_friendly","character_friendly_neutral","sc/tutorial_character_neutral.sc",,,"bubble_no_button_left","false",,"music/fem_talk.mp3","sfx/tutor_happy_01.ogg",,,,,,,,,,,,,,,
"clan castle tutorial",,0,0,,"TRUE","tap_game_object",,,,,,,,2000,,,,,"TID_TUTORIAL_CLANCASTLE_1",,"true","tutorial_friendly","character_friendly_neutral","sc/tutorial_character_neutral.sc",,,"bubble_no_button_left","false",,"music/fem_talk.mp3","sfx/tutor_happy_01.ogg",,,,,,,,,,,,,,,
,,,,,,,,,,,,,,,,,,,"TID_TUTORIAL_CLANCASTLE_2",,"true","tutorial_friendly","character_friendly_neutral","sc/tutorial_character_neutral.sc",,,"bubble_no_button_left","false",,"music/fem_talk.mp3","sfx/tutor_happy_01.ogg",,,,,,,,,,,,,,,
"th12 tutorial",,3,0,,,"custom",,,,,,,,1000,,,"noPopups && townHallLevel() >= 12",,,-1,,,,,,,,,,,,"GO:Town Hall","down",,,,,,,,,,,,,
,,,,,,,,,,,,,,,,,"isObjectSelected(TownHall) && townHallLevel() >= 12",,"TID_TUTORIAL_TH12_1",,"true","tutorial_friendly","character_friendly_neutral","sc/tutorial_character_neutral.sc",,,"bubble_no_button_left","false",,,"sfx/tutor_happy_01.ogg",,,,,,,,,,,,,,,
,,,,,,,,,,,,,,,,,,,"TID_TUTORIAL_TH12_2",,"true","tutorial_friendly","character_friendly_neutral","sc/tutorial_character_neutral.sc",,,"bubble_no_button_left","false",,,"sfx/tutor_no_talk_woop_01.ogg",,,,,,,,,,,,,,,
"wl initial intro",,4,0,"TRUE",,"show_wl_menu",,,,,,,,750,,,,,"TID_TUTORIAL_WAR_LEAGUE_1",,"true","tutorial_friendly","character_friendly_neutral_war","sc/tutorial_character_neutral.sc",,,"bubble_no_button_left","false",,,"sfx/tutor_hey_01.ogg",,,,,,,,,,,,,,,
,,,,,,,,,,,,,,,,,,,"TID_TUTORIAL_WAR_LEAGUE_2",,"true","tutorial_friendly","character_friendly_neutral_war","sc/tutorial_character_neutral.sc",,,"bubble_no_button_left","false",,,"sfx/tutor_no_talk_woop_01.ogg",,,,,,,,,,,,,,,
,,,,,,,,,,,,,,,,,,,"TID_TUTORIAL_WAR_LEAGUE_3",,"true","tutorial_friendly","character_friendly_neutral_war","sc/tutorial_character_neutral.sc",,,"bubble_no_button_left","false",,,"sfx/tutor_no_talk_woop_01.ogg",,,,,,,,,,,,,,,
,,,,,,,,,,,,,,,,,,,"TID_TUTORIAL_WAR_LEAGUE_4",,"true","tutorial_friendly","character_friendly_neutral_war","sc/tutorial_character_neutral.sc",,,"bubble_no_button_left","false",,,"sfx/tutor_no_talk_woop_01.ogg",,,,,,,,,,,,,,,
,,,,,,,,,,,,,,,,,,,"TID_TUTORIAL_WAR_LEAGUE_5",,"true","tutorial_friendly","character_friendly_neutral_war","sc/tutorial_character_neutral.sc",,,"bubble_no_button_left","false",,,"sfx/tutor_no_talk_woop_01.ogg",,,,,,,,,,,,,,,
,,,,,,,,,,,,,,,,,,,"TID_TUTORIAL_WAR_LEAGUE_6",,"true","tutorial_friendly","character_friendly_neutral_war","sc/tutorial_character_neutral.sc",,,"bubble_no_button_left","false",,,"sfx/tutor_no_talk_woop_01.ogg",,,,,,,,,,,,,,,
,,,,,,,,,,,,,,,,,,,"TID_TUTORIAL_WAR_LEAGUE_7",,"true","tutorial_friendly","character_friendly_neutral_war","sc/tutorial_character_neutral.sc",,,"bubble_no_button_left","false",,,"sfx/tutor_no_talk_woop_01.ogg",,,,,,,,,,,,,,,
,,,,,,,,,,,,,,,,,,,"TID_TUTORIAL_WAR_LEAGUE_8",,"true","tutorial_friendly","character_friendly_neutral_war","sc/tutorial_character_neutral.sc",,,"bubble_no_button_left","false",,,"sfx/tutor_no_talk_woop_01.ogg",,,,,,,,,,,,,,,
,,,,,,,,,,,,,,,,,,,"TID_TUTORIAL_WAR_LEAGUE_9",1,,"tutorial_friendly","character_friendly_neutral_war","sc/tutorial_character_neutral.sc",,,"bubble_no_button_left","false",,,"sfx/tutor_no_talk_woop_01.ogg",,,,,,,,,,,,,,,
"wl ui tutorial","wl initial intro",4,,,,"show_wl_info",,,,,,,,500,,,,,"TID_TUTORIAL_WAR_LEAGUE_10",,"true","tutorial_friendly","character_friendly_neutral_war","sc/tutorial_character_neutral.sc",,,"bubble_no_button_left","false",,,"sfx/tutor_no_talk_woop_01.ogg",,,,,,,,,,,,,,,
,,,,,,,,,,,,,,,,,,,"TID_TUTORIAL_WAR_LEAGUE_11",,"true","tutorial_friendly","character_friendly_neutral_war","sc/tutorial_character_neutral.sc",,,"bubble_no_button_left","false",,,"sfx/tutor_no_talk_woop_01.ogg",,,,,,,,,,,,,,,
,,,,,,,,,,,,,,,,,,,"TID_TUTORIAL_WAR_LEAGUE_12",,"true","tutorial_friendly","character_friendly_neutral_war","sc/tutorial_character_neutral.sc",,,"bubble_no_button_left","false",,,"sfx/tutor_no_talk_woop_01.ogg",,,,,,,,,,,,,,,
,,,,,,,,,,,,,,,,,,,"TID_TUTORIAL_WAR_LEAGUE_13",1,,"tutorial_friendly","character_friendly_neutral_war","sc/tutorial_character_neutral.sc",,,"bubble_no_button_left","false",,,"sfx/tutor_no_talk_woop_01.ogg",,,,,,,,,,,,,,,
"wl rewards talk","wl ui tutorial",4,,,,"give_reward",,,,,,,,500,,,"onWarScreen",,"TID_TUTORIAL_WAR_LEAGUE_14",,"true","tutorial_friendly","character_friendly_neutral_war","sc/tutorial_character_neutral.sc",,,"bubble_no_button_left","false",,,"sfx/tutor_no_talk_woop_01.ogg",,,,"Medals",50,,,,,,,,,,
,,,,,,,,,,,,,,,,,,,"TID_TUTORIAL_WAR_LEAGUE_15",,"true","tutorial_friendly","character_friendly_neutral_war","sc/tutorial_character_neutral.sc",,,"bubble_no_button_left","false",,,"sfx/tutor_no_talk_woop_01.ogg",,,,,,,,,,,,,,,
,,,,,,,,,,,,,,,,,,,"TID_TUTORIAL_WAR_LEAGUE_16",1,,"tutorial_friendly","character_friendly_neutral_war","sc/tutorial_character_neutral.sc",,,"bubble_with_button_left","false","TID_ACHIEVEMENT_CLAIM_BUTTON",,"sfx/tutor_happy_01.ogg",,,,,,,,,,,,,,,
"master builder start",,3,1,"TRUE",,"info",,,"Arto Building",1,1,,,500,,,,,"TID_TUTORIAL_ARTO_START_1",,"true","tutorial_builder_short_v2","character_builder_talking","sc/tutorial_characters_v2.sc",,,"bubble_no_button_right_top_v2","true",,,"sfx/tut_builder_neutral_01.ogg",,,,,,,,,,,,,,,
,,,,,,,,,,,,,,,,,,,"TID_TUTORIAL_ARTO_START_2",,"true","tutorial_builder_short_v2","character_builder_talking","sc/tutorial_characters_v2.sc",,,"bubble_no_button_right_top_v2","true",,,"sfx/tutor_no_talk_woop_01.ogg",,,,,,,,,,,,,,,
,,,,,,,,,,,,,,,,,,,"TID_TUTORIAL_ARTO_START_3",,"true","tutorial_builder_short_v2","character_builder_talking","sc/tutorial_characters_v2.sc",,,"bubble_no_button_right_top_v2","true",,,"sfx/tutor_no_talk_woop_01.ogg",,,,,,,,,,,,,,,
"master builder finished",,3,1,"TRUE",,"info",,,"Arto Building",5,1,,,500,,,,,"TID_TUTORIAL_ARTO_COMPLETE_1",,"true","tutorial_builder_short_v2","character_builder_talking","sc/tutorial_characters_v2.sc",,,"bubble_no_button_right_top_v2","true",,,"sfx/tut_builder_surprised_01.ogg",,,,,,,,,,,,"true",,,
,,,,,,,,,,,,,,,,,,,"TID_TUTORIAL_ARTO_COMPLETE_2",,"true","tutorial_builder_short_v2","character_builder_talking","sc/tutorial_characters_v2.sc",,,"bubble_no_button_right_top_v2","true",,,"sfx/tutor_no_talk_woop_01.ogg",,,,,,,,,,,,,,,
,,,,,,,,,,,,,,,,,,,"TID_TUTORIAL_ARTO_COMPLETE_3",,"true","tutorial_builder_short_v2","character_builder_talking","sc/tutorial_characters_v2.sc",,,"bubble_no_button_right_top_v2","true",,,"sfx/tutor_no_talk_woop_01.ogg",,,,,,,,,,,,,,,
"reengage intro",,5,,"TRUE",,"custom",,,,,,,,500,,,,"enableCinematic(1)","TID_REENGAGEMENT_INTRO_1",,"true","tutorial_friendly","character_friendly_hostile","sc/tutorial_character_neutral.sc",,,"bubble_no_button_left","false",,,"sfx/tutor_reenage_01.ogg",,,,,,,,,,,,,1,,
,,,,,,,,,,,,,,,,,,,"TID_REENGAGEMENT_INTRO_2",,"true","tutorial_friendly","character_friendly_hostile","sc/tutorial_character_neutral.sc",,,"bubble_no_button_left","false",,,"sfx/tutor_no_talk_woop_01.ogg",,,,,,,,,,,,,,,
,,,,,,,,,,,,,,,,,,,"TID_REENGAGEMENT_INTRO_3",,"true","tutorial_friendly","character_friendly_hostile","sc/tutorial_character_neutral.sc",,,"bubble_no_button_left","false",,,"sfx/tutor_no_talk_woop_01.ogg",,,,,,,,,,,,,,,
,,,,,,,,,,,,,,,,,,,"TID_REENGAGEMENT_INTRO_4",,"true","tutorial_friendly","character_friendly_hostile","sc/tutorial_character_neutral.sc",,,"bubble_no_button_left","false",,,"sfx/tutor_reenage_03.ogg",,,,,,,,,,,,,,,
"reengage apology","reengage intro",5,,"TRUE",,"custom",,,,,,,,500,,,,"enableCinematic(1)","TID_REENGAGEMENT_APOLOGY_1",,"true","tutorial_friendly","character_friendly_sad","sc/tutorial_character_neutral.sc",,,"bubble_no_button_left","false",,,"sfx/tutor_reenage_07.ogg",,,,,,,,,,,,,4,,
,,,,,,,,,,,,,,,,,,,"TID_REENGAGEMENT_APOLOGY_2",,"true","tutorial_friendly","character_friendly_sad","sc/tutorial_character_neutral.sc",,,"bubble_no_button_left","false",,,"sfx/tutor_reenage_08.ogg",,,,,,,,,,,,,,,
,,,,,,,,,,,,,,,,,,,"TID_REENGAGEMENT_APOLOGY_3",,"true","tutorial_friendly","character_friendly_remembers","sc/tutorial_character_neutral.sc",,"TRUE","bubble_no_button_left","false",,,"sfx/tutor_reenage_09.ogg",,,,,,,,,,,,,,,
,,,,,,,,,,,,,,,,,,,"TID_REENGAGEMENT_APOLOGY_4",,"true","tutorial_friendly","character_friendly_relieved","sc/tutorial_character_neutral.sc",,"TRUE","bubble_no_button_left","false",,,"sfx/tutor_reenage_10.ogg",,,,,,,,,,,,,,,
,,,,,,,,,,,,,,,,,,,"TID_REENGAGEMENT_APOLOGY_5",,"true","tutorial_friendly","character_friendly_happy_open","sc/tutorial_character_neutral.sc",,"TRUE","bubble_no_button_left","false",,,"sfx/tutor_no_talk_woop_01.ogg",,,,,,,,,,,,,,,
,,,,,,,,,,,,,,,,,,,"TID_REENGAGEMENT_APOLOGY_6",,"true","tutorial_friendly","character_friendly_happy_open","sc/tutorial_character_neutral.sc",,,"bubble_no_button_left","false",,,"sfx/tutor_no_talk_woop_01.ogg",,,"enableCinematic(0)",,,,,,,,,,,,
"reengage lootcart","reengage apology",5,,"TRUE",,"custom",,,,,,,,500,,,"noPopups",,,-1,,,,,,,,,,,,"GO:LootCart","down",,,,,,,,,,,8,,
,,,,,,,,,,,,,,,,,"isObjectSelected(LootCart)",,"TID_REENGAGEMENT_LOOTCART_1",0,"TRUE","tutorial_friendly","character_friendly_thinking","sc/tutorial_character_neutral.sc",,,"bubble_no_button_left","FALSE",,,"sfx/tutor_urgency_04.ogg",,,,,,,,,,,,,,,
,,,,,,,,,,,,,,,,,,,"TID_REENGAGEMENT_LOOTCART_2",0,"TRUE","tutorial_friendly","character_friendly_happy_open","sc/tutorial_character_neutral.sc",,"TRUE","bubble_no_button_left","FALSE",,,"sfx/tutor_no_talk_woop_01.ogg",,,,,,,,,,,,,,,
"reengage builders","reengage apology",5,,"TRUE",,"custom",,,,,,,,500,,,"noPopups && getReengageBuilderProjectCount() > 0",,,-1,,,,,,,,,,,,"GO:Worker Building","down",,,,,,,,,,,16,,
,,,,,,,,,,,,,,,,,"isObjectSelected(WorkerBuilding) && getReengageBuilderProjectCount() > 0",,"TID_REENGAGEMENT_BUILDER_1",0,"TRUE","tutorial_friendly","character_friendly_neutral","sc/tutorial_character_neutral.sc",,,"bubble_no_button_left","FALSE",,,"sfx/tutor_no_talk_woop_01.ogg",,,,,,,,,,,,,,,
,,,,,,,,,,,,,,,,,,,"TID_REENGAGEMENT_BUILDER_2",0,"TRUE","tutorial_friendly","character_friendly_neutral","sc/tutorial_character_neutral.sc",,,"bubble_no_button_left","FALSE",,,"sfx/tutor_no_talk_woop_01.ogg",,,"showReengageBuilderProjects",,,,,,,,,,,,
,,,,,,,,,,,,,,500,,,"noPopups",,"TID_REENGAGEMENT_BUILDER_3",0,"TRUE","tutorial_friendly","character_friendly_neutral","sc/tutorial_character_neutral.sc",,,"bubble_no_button_left","FALSE",,,"sfx/tutor_no_talk_woop_01.ogg",,,,,,,,,,,,,,,
,,,,,,,,,,,,,,,,,,,"TID_REENGAGEMENT_BUILDER_4",0,"TRUE","tutorial_friendly","character_friendly_neutral","sc/tutorial_character_neutral.sc",,,"bubble_no_button_left","FALSE",,,"sfx/tutor_no_talk_woop_01.ogg",,,"highlightBuilderMenu",,,,,,,,,,,,
"reengage laboratory","reengage apology",5,,"TRUE",,"custom",,,,,,,,500,,,"noPopups && getReengageLabProjectCount() > 0 && numUpgradableLabItems() > 0",,,-1,,,,,,,,,,,,"GO:Laboratory","down",,,,,,,,,,,32,,
,,,,,,,,,,,,,,,,,"isObjectSelected(Laboratory) && getReengageLabProjectCount() > 0 && numUpgradableLabItems() > 0",,"TID_REENGAGEMENT_LAB_DID_UPGRADES_SOME_LEFT_1",0,"TRUE","tutorial_friendly","character_friendly_neutral","sc/tutorial_character_neutral.sc",,,"bubble_no_button_left","FALSE",,,"sfx/tutor_no_talk_woop_01.ogg",,,,,,,,,,,,,,,
,,,,,,,,,,,,,,,,,,,"TID_REENGAGEMENT_LAB_DID_UPGRADES_SOME_LEFT_2",0,"TRUE","tutorial_friendly","character_friendly_neutral","sc/tutorial_character_neutral.sc",,,"bubble_no_button_left","FALSE",,,"sfx/tutor_no_talk_woop_01.ogg",,,"showReengageLabProjects",,,,,,,,,,,,
,,,,,,,,,,,,,,500,,,"noPopups",,"TID_REENGAGEMENT_LAB_DID_UPGRADES_SOME_LEFT_3",0,"TRUE","tutorial_friendly","character_friendly_neutral","sc/tutorial_character_neutral.sc",,,"bubble_no_button_left","FALSE",,,,,,"showLabScreen",,,,,,,,,,,,
"reengage training","reengage apology",5,,"TRUE",,"custom",,,,,,,,,,,"noPopups",,,-1,,,,,,,,,,,,"GO:Barrack","down",,,,,,,,,,,64,,
,,,,,,,,,,,,,,,,,"isObjectSelected(Barrack)",,"TID_REENGAGEMENT_ATTACK_1",0,"TRUE","tutorial_friendly","character_friendly_happy_closed","sc/tutorial_character_neutral.sc",,,"bubble_no_button_left","FALSE",,,"sfx/tutor_happy_01.ogg",,,,,,,,,,,,,,,
,,,,,,,,,,,,,,,,,,,"TID_REENGAGEMENT_ATTACK_2",0,"TRUE","tutorial_friendly","character_friendly_neutral","sc/tutorial_character_neutral.sc",,"TRUE","bubble_no_button_left","FALSE",,,"sfx/tutor_no_talk_woop_01.ogg",,,,,,,,,,,,,,,
,,,,,,,,,,,,,,,,,,,"TID_REENGAGEMENT_ATTACK_3",0,"TRUE","tutorial_friendly","character_friendly_neutral","sc/tutorial_character_neutral.sc",,,"bubble_no_button_left","FALSE",,,"sfx/tutor_no_talk_woop_01.ogg",,,"showTrainingScreen",,,,,,,,,,,,
"reengage builders alt","reengage apology",5,,"TRUE",,"custom",,,,,,,,500,,,"noPopups && getReengageBuilderProjectCount() == 0",,,-1,,,,,,,,,,,,"GO:Worker Building","down",,,,,,,,,,,16,,
,,,,,,,,,,,,,,,,,"isObjectSelected(WorkerBuilding) && getReengageBuilderProjectCount() == 0",,"TID_REENGAGEMENT_BUILDER_ALT_1",0,"TRUE","tutorial_friendly","character_friendly_thinking","sc/tutorial_character_neutral.sc",,,"bubble_no_button_left","FALSE",,,"sfx/tutor_no_talk_woop_01.ogg",,,"highlightBuilderMenu",,,,,,,,,,,,
"reengage laboratory alt","reengage apology",5,,"TRUE",,"custom",,,,,,,,500,,,"noPopups && getReengageLabProjectCount() == 0  && numUpgradableLabItems() > 0",,,-1,,,,,,,,,,,,"GO:Laboratory","down",,,,,,,,,,,32,,
,,,,,,,,,,,,,,,,,"isObjectSelected(Laboratory) && getReengageLabProjectCount() == 0 && numUpgradableLabItems() > 0",,"TID_REENGAGEMENT_LAB_NO_UPGRADES_SOME_LEFT_1",0,"TRUE","tutorial_friendly","character_friendly_neutral","sc/tutorial_character_neutral.sc",,,"bubble_no_button_left","FALSE",,,"sfx/tutor_no_talk_woop_01.ogg",,,,,,,,,,,,,,,
,,,,,,,,,,,,,,,,,,,"TID_REENGAGEMENT_LAB_NO_UPGRADES_SOME_LEFT_2",0,"TRUE","tutorial_friendly","character_friendly_neutral","sc/tutorial_character_neutral.sc",,,"bubble_no_button_left","FALSE",,,"sfx/tutor_no_talk_woop_01.ogg",,,"showLabScreen",,,,,,,,,,,,
"reengage laboratory alt2","reengage apology",5,,"TRUE",,"custom",,,,,,,,500,,,"noPopups && getReengageLabProjectCount() > 0 && numUpgradableLabItems() == 0",,,-1,,,,,,,,,,,,"GO:Laboratory","down",,,,,,,,,,,32,,
,,,,,,,,,,,,,,,,,"isObjectSelected(Laboratory) && getReengageLabProjectCount() > 0 && numUpgradableLabItems() == 0",,"TID_REENGAGEMENT_LAB_DID_UPGRADES_NONE_LEFT_1",0,"TRUE","tutorial_friendly","character_friendly_neutral","sc/tutorial_character_neutral.sc",,,"bubble_no_button_left","FALSE",,,"sfx/tutor_no_talk_woop_01.ogg",,,,,,,,,,,,,,,
,,,,,,,,,,,,,,,,,,,"TID_REENGAGEMENT_LAB_DID_UPGRADES_NONE_LEFT_2",0,"TRUE","tutorial_friendly","character_friendly_neutral","sc/tutorial_character_neutral.sc",,,"bubble_no_button_left","FALSE",,,"sfx/tutor_no_talk_woop_01.ogg",,,"showReengageLabProjects",,,,,,,,,,,,
,,,,,,,,,,,,,,500,,,"noPopups",,"TID_REENGAGEMENT_LAB_DID_UPGRADES_NONE_LEFT_3",0,"TRUE","tutorial_friendly","character_friendly_neutral","sc/tutorial_character_neutral.sc",,,"bubble_no_button_left","FALSE",,,"sfx/tutor_no_talk_woop_01.ogg",,,,,,,,,,,,,,,
"reengage laboratory alt3","reengage apology",5,,"TRUE",,"custom",,,,,,,,500,,,"noPopups && getReengageLabProjectCount() == 0  && numUpgradableLabItems() == 0 && numUpgradableLabItems() == 0",,,-1,,,,,,,,,,,,"GO:Laboratory","down",,,,,,,,,,,32,,
,,,,,,,,,,,,,,,,,"isObjectSelected(Laboratory) && getReengageLabProjectCount() == 0 && numUpgradableLabItems() == 0",,"TID_REENGAGEMENT_LAB_NO_UPGRADES_NONE_LEFT_1",0,"TRUE","tutorial_friendly","character_friendly_neutral","sc/tutorial_character_neutral.sc",,,"bubble_no_button_left","FALSE",,,"sfx/tutor_no_talk_woop_01.ogg",,,,,,,,,,,,,,,
,,,,,,,,,,,,,,,,,,,"TID_REENGAGEMENT_LAB_NO_UPGRADES_NONE_LEFT_2",0,"TRUE","tutorial_friendly","character_friendly_neutral","sc/tutorial_character_neutral.sc",,,"bubble_no_button_left","FALSE",,,"sfx/tutor_no_talk_woop_01.ogg",,,,,,,,,,,,,,,
"step11a enter age","step11 change name",0,0,,,"enter_age",,,,,,,,,,,,,"TID_TUTORIAL_ENTER_AGE",,"true","tutorial_friendly","character_friendly_neutral","sc/tutorial_character_neutral.sc",,,"bubble_no_button_left","false",,,"sfx/tutor_no_talk_woop_01.ogg",,,,,,,,,,,,,,,
"starter challenge intro",,3,0,"TRUE",,"custom",,,,,,,,,,,"noPopups && townHallLevel() < 7",,,-1,,,,,,,,,,,,"UI:HUD.seasonchallenges","down",,,,,,,,,,,,,
,,,,,,,,,,,,,,,,,"showingPopup(87) && townHallLevel() < 7",,"TID_TUTORIAL_STARTER_CHALLENGE_1",0,"TRUE","tutorial_friendly","character_friendly_neutral","sc/tutorial_character_neutral.sc",,,"bubble_no_button_left","FALSE",,,"sfx/tutor_no_talk_woop_01.ogg",,,,,,,,,,,,,,,
,,,,,,,,,,,,,,,,,,,"TID_TUTORIAL_STARTER_CHALLENGE_2",0,"TRUE","tutorial_friendly","character_friendly_neutral","sc/tutorial_character_neutral.sc",,,"bubble_no_button_left","FALSE",,,"sfx/tutor_no_talk_woop_01.ogg",,,,,,,,,,,,,,,
,,,,,,,,,,,,,,,,,,,"TID_TUTORIAL_STARTER_CHALLENGE_2A",0,"TRUE","tutorial_friendly","character_friendly_neutral","sc/tutorial_character_neutral.sc",,,"bubble_no_button_left","FALSE",,,"sfx/tutor_no_talk_woop_01.ogg",,,,,,,,,,,,,,,
,,,,,,,,,,,,,,,,,,,"TID_TUTORIAL_STARTER_CHALLENGE_3",0,"TRUE","tutorial_friendly","character_friendly_neutral","sc/tutorial_character_neutral.sc",,,"bubble_no_button_left","FALSE",,,,,,,,,,,,,,,,,,
"starter challenge rewards","starter challenge intro",3,,,,"custom",,,,,,,,,,,"showingPopup(87)",,,-1,,,,,,,,,,,,"UI:Popup.tab1","up",,,,,,,,,,,,,
,,,,,,,,,,,,,,,,,"showingPopup(87) && showingBPTab(BP_REWARDS)",,"TID_TUTORIAL_STARTER_CHALLENGE_4",0,"TRUE","tutorial_friendly","character_friendly_neutral","sc/tutorial_character_neutral.sc",,,"bubble_no_button_left","FALSE",,,"sfx/tutor_no_talk_woop_01.ogg",,,,,,,,,,,,,,,
,,,,,,,,,,,,,,,,,,,"TID_TUTORIAL_STARTER_CHALLENGE_5",0,"TRUE","tutorial_friendly","character_friendly_neutral","sc/tutorial_character_neutral.sc",,,"bubble_no_button_left","FALSE",,,"sfx/tutor_no_talk_woop_01.ogg",,,,,,,,,,,,,,,
,,,,,,,,,,,,,,,,,"noPopups",,"TID_TUTORIAL_STARTER_CHALLENGE_6",0,"TRUE","tutorial_friendly","character_friendly_neutral","sc/tutorial_character_neutral.sc",,,"bubble_no_button_left","FALSE",,,"sfx/tutor_no_talk_woop_01.ogg",,,,,,,,,,,,,,,
"season challenge intro","starter challenge rewards",3,0,"TRUE",,"custom",,,,,,,,,,,"noPopups && townHallLevel() >= 7",,,-1,,,,,,,,,,,,"UI:HUD.seasonchallenges","down",,,,,,,,,,,,,
,,,,,,,,,,,,,,,,,"showingPopup(87)&& townHallLevel() >= 7",,"TID_TUTORIAL_SEASON_CHALLENGE_1",0,"TRUE","tutorial_friendly","character_friendly_neutral","sc/tutorial_character_neutral.sc",,,"bubble_no_button_left","FALSE",,,"sfx/tutor_no_talk_woop_01.ogg",,,,,,,,,,,,,,,
,,,,,,,,,,,,,,,,,,,"TID_TUTORIAL_SEASON_CHALLENGE_2",0,"TRUE","tutorial_friendly","character_friendly_neutral","sc/tutorial_character_neutral.sc",,,"bubble_no_button_left","FALSE",,,"sfx/tutor_no_talk_woop_01.ogg",,,,,,,,,,,,,,,
,,,,,,,,,,,,,,,,,,,"TID_TUTORIAL_SEASON_CHALLENGE_3",0,"TRUE","tutorial_friendly","character_friendly_neutral","sc/tutorial_character_neutral.sc",,,"bubble_no_button_left","FALSE",,,,,,,,,,,,,,,,,,
"season challenge perks","season challenge intro",3,,,,"custom",,,,,,,,,,,"showingPopup(87)",,,-1,,,,,,,,,,,,"UI:Popup.tab2","up",,,,,,,,,,,,,
,,,,,,,,,,,,,,,,,"showingPopup(87) && showingBPTab(BP_PERKS)",,"TID_TUTORIAL_SEASON_CHALLENGE_4",0,"TRUE","tutorial_friendly","character_friendly_neutral","sc/tutorial_character_neutral.sc",,,"bubble_no_button_left","FALSE",,,"sfx/tutor_no_talk_woop_01.ogg",,,,,,,,,,,,,,,
,,,,,,,,,,,,,,,,,,,"TID_TUTORIAL_SEASON_CHALLENGE_5",0,"TRUE","tutorial_friendly","character_friendly_neutral","sc/tutorial_character_neutral.sc",,,"bubble_no_button_left","FALSE",,,"sfx/tutor_no_talk_woop_01.ogg",,,,,,,,,,,,,,,
,,,,,,,,,,,,,,,,,,,"TID_TUTORIAL_SEASON_CHALLENGE_6",0,"TRUE","tutorial_friendly","character_friendly_neutral","sc/tutorial_character_neutral.sc",,,"bubble_no_button_left","FALSE",,,"sfx/tutor_no_talk_woop_01.ogg",,,,,,,,,,,,,,,
,,,,,,,,,,,,,,,,,,,"TID_TUTORIAL_SEASON_CHALLENGE_7",0,"TRUE","tutorial_friendly","character_friendly_neutral","sc/tutorial_character_neutral.sc",,,"bubble_no_button_left","FALSE",,,"sfx/tutor_no_talk_woop_01.ogg",,,,,,,,,,,,,,,
"battle builders intro",,3,,"TRUE",,"custom",,,,,,,,,,,"noPopups && townHallLevel() >= 14",,,-1,,,,,,,,,,,,"GO:Worker Building","down",,,,,,,,,,,,,
,,,,,,,,,,,,,,,,,"isObjectSelected(WorkerBuilding) && townHallLevel() >= 14",,"TID_TUTORIAL_BATTLE_BUILDERS_1",,"TRUE","tutorial_friendly","character_friendly_neutral","sc/tutorial_character_neutral.sc",,,"bubble_no_button_left","FALSE",,,"sfx/tutor_happy_01.ogg",,,,,,,,,,,,,,,
,,,,,,,,,,,,,,,,,,,"TID_TUTORIAL_BATTLE_BUILDERS_2",,"TRUE","tutorial_friendly","character_friendly_neutral","sc/tutorial_character_neutral.sc",,,"bubble_no_button_left","FALSE",,,"sfx/tutor_no_talk_woop_01.ogg",,,,,,,,,,,,,,,
"pet shop intro",,3,,"TRUE",,"custom",,,,,,,,,,,"noPopups && isPetShopBuilt && isAnyHeroUnlocked(VILLAGE_TYPE_HOME)",,,-1,,,,,,,,,,,,"GO:Pet Shop","down",,,,,,,,,,,,,
,,,,,,,,,,,,,,,,,"isObjectSelected(PetShop) && isPetShopBuilt && isAnyHeroUnlocked(VILLAGE_TYPE_HOME)",,"TID_TUTORIAL_PET_SHOP",,"TRUE","tutorial_friendly","character_friendly_neutral","sc/tutorial_character_neutral.sc",,,"bubble_no_button_left","FALSE",,,"sfx/tutor_happy_01.ogg",,,,,,,,,,,,,,,
"assign pet","pet shop intro",3,,,,"custom",,,,,,,,,,,"noPopups",,,-1,,,,,,,,,,,,"GO:Pet Shop","down",,,,,,,,,,,,,
,,,,,,,,,,,,,,,,,"noPopups && isObjectSelected(PetShop)",,,,,,,,,,,,,,,"UI:GameObjectButton.petShop","down",,,,,,,,,,,,"true","true"
,,,,,,,,,,,,,,,,,"showingPopup(107)",,"TID_TUTORIAL_PETS_2",,"TRUE","tutorial_friendly","character_friendly_neutral","sc/tutorial_character_neutral.sc",,,"bubble_no_button_left","FALSE",,,"sfx/tutor_no_talk_woop_01.ogg",,"down",,,,,,,,,,,,"true",
,,,,,,,,,,,,,,,,,"showingPopup(107)",,"TID_TUTORIAL_PETS_3",,"TRUE","tutorial_friendly","character_friendly_neutral","sc/tutorial_character_neutral.sc",,,"bubble_no_button_left","FALSE",,,"sfx/tutor_no_talk_woop_01.ogg",,"down",,,,,,,,,,,,"true",
,,,,,,,,,,,,,,,,,"showingPopup(107)",,"TID_TUTORIAL_PETS_4",,"TRUE","tutorial_friendly","character_friendly_neutral","sc/tutorial_character_neutral.sc",,,"bubble_no_button_left","FALSE",,,"sfx/tutor_no_talk_woop_01.ogg",,"down",,,,,,,,,,,,"true",
,,,,,,,,,,,,,,,,,"showingPopup(107)",,,,,,,,,,,,,,,"UI:Popup.PetShop.assignLassi","down",,,,,,,,,,,,"true","true"
,,,,,,,,,,,,,,,,,"showingPopup(107) && isLassiAssigned",,"TID_TUTORIAL_PETS_5",,"TRUE","tutorial_friendly","character_friendly_neutral","sc/tutorial_character_neutral.sc",,,"bubble_no_button_left","FALSE",,,"sfx/tutor_wow_01.ogg",,,,,,,,,,,,,,,
,,,,,,,,,,,,,,,,,"showingPopup(107) && isLassiAssigned",,"TID_TUTORIAL_PETS_6",,"TRUE","tutorial_friendly","character_friendly_neutral","sc/tutorial_character_neutral.sc",,,"bubble_no_button_left","FALSE",,,"sfx/tutor_wow_01.ogg",,,,,,,,,,,,,,,
