"Name","MapInstanceName","MapDependencies","TID","ExpLevel","Type","TutorialUnlockTHLevel","TutorialTHLevel","minRecommendedTHLevel","UnitType","UnitCount","LevelFile","Gold","Elixir","DarkElixir","AlwaysUnlocked","PlayerName","AllianceName","AllianceBadge","SinglePlayer","AllianceUnitType","AllianceUnitLevel","AllianceUnitCount","FixedArmyUnitType","FixedArmyUnitLevel","FixedArmyUnitCount","FixedArmyUnitAlliance","FixedArmyUnitPet","FixedArmyUnitPetLevel","FixedArmySkin","DeploySteps","UseFullMapSize","DefendingHero","DefendingHeroLevel","DefendingHeroSkin","VillageBackground","AttackTimeSeconds"
"String","String","String","String","int","String","int","int","int","String","int","String","int","int","int","boolean","String","String","int","boolean","String","int","int","String","int","int","boolean","String","int","int","String","boolean","string","int","int","int","int"
"TutorialNPC","npc1",,"TID_NPC_NAME_TUTORIAL",1,,,,,"TutorialGoblin",6,"level/tutorial_npc.json",500,500,,"true",,,,"TRUE",,,,,,,,,,,,,,,,,
"TutorialNPC2","npc2","TutorialNPC","TID_NPC_NAME_TUTORIAL2",2,,,,,"TutorialGoblin",3,"level/tutorial_npc2.json",500,500,,"true",,,,"TRUE",,,,,,,,,,,,,,,,,
"NPC1","npc3","TutorialNPC2","TID_NPC1",4,,,,2,,,"level/npc1.json",1500,1500,,,,,,"TRUE",,,,,,,,,,,,,,,,,
"NPC2","npc4","NPC1","TID_NPC2",4,,,,2,,,"level/npc2.json",2500,2500,,,,,,"TRUE",,,,,,,,,,,,,,,,,
"NPC3","npc5","NPC2","TID_NPC3",6,,,,3,,,"level/npc3.json",3000,3000,,,,,,"TRUE",,,,,,,,,,,,,,,,,
"NPC4","npc6","NPC3","TID_NPC4",6,,,,3,,,"level/npc4.json",4000,4000,,,,,,"TRUE",,,,,,,,,,,,,,,,,
"NPC5","npc7","NPC4","TID_NPC5",7,,,,3,,,"level/npc5.json",5000,5000,,,,,,"TRUE",,,,,,,,,,,,,,,,,
"NPC6","npc8","NPC5","TID_NPC6",8,,,,3,,,"level/npc6.json",8000,4000,,,,,,"TRUE",,,,,,,,,,,,,,,,,
"NPC7","npc9","NPC6","TID_NPC7",10,,,,4,,,"level/npc7.json",8000,8000,,,,,,"TRUE",,,,,,,,,,,,,,,,,
"NPC8","npc10","NPC7","TID_NPC8",10,,,,4,,,"level/npc8.json",8000,12000,,,,,,"TRUE",,,,,,,,,,,,,,,,,
"NPC9","npc11","NPC8","TID_NPC9",12,,,,4,,,"level/npc9.json",10000,14000,,,,,,"TRUE",,,,,,,,,,,,,,,,,
"NPC10","npc12","NPC9","TID_NPC10",12,,,,4,,,"level/npc10.json",20000,6000,,,,,,"TRUE",,,,,,,,,,,,,,,,,
"NPC11","npc13","NPC10","TID_NPC11",13,,,,5,,,"level/npc11.json",14000,14000,,,,,,"TRUE",,,,,,,,,,,,,,,,,
"NPC12","npc14","NPC11","TID_NPC12",13,,,,5,,,"level/npc12.json",20000,10000,,,,,,"TRUE",,,,,,,,,,,,,,,,,
"NPC13","npc15","NPC12","TID_NPC13",13,,,,5,,,"level/npc13.json",16000,16000,,,,,,"TRUE",,,,,,,,,,,,,,,,,
"NPC14","npc16","NPC13","TID_NPC14",13,,,,5,,,"level/npc14.json",17000,17000,,,,,,"TRUE",,,,,,,,,,,,,,,,,
"NPC15","npc17","NPC14","TID_NPC15",14,,,,5,,,"level/npc15.json",16000,20000,,,,,,"TRUE",,,,,,,,,,,,,,,,,
,,"NPC11",,,,,,,,,,,,,,,,,"TRUE",,,,,,,,,,,,,,,,,
"NPC16","npc18","NPC15","TID_NPC16",14,,,,5,,,"level/npc16.json",24000,14000,,,,,,"TRUE",,,,,,,,,,,,,,,,,
"NPC17","npc19","NPC16","TID_NPC17",14,,,,6,,,"level/npc17.json",20000,20000,,,,,,"TRUE",,,,,,,,,,,,,,,,,
"NPC18","npc20","NPC17","TID_NPC18",14,,,,6,,,"level/npc18.json",15000,30000,,,,,,"TRUE",,,,,,,,,,,,,,,,,
"NPC19","npc21","NPC18","TID_NPC19",14,,,,6,,,"level/npc19.json",24000,24000,,,,,,"TRUE",,,,,,,,,,,,,,,,,
"NPC20","npc22","NPC19","TID_NPC20",14,,,,6,,,"level/npc20.json",25000,25000,,,,,,"TRUE",,,,,,,,,,,,,,,,,
"NPC21","npc23","NPC20","TID_NPC21",14,,,,6,,,"level/npc21.json",30000,30000,,,,,,"TRUE",,,,,,,,,,,,,,,,,
"NPC22","npc24","NPC21","TID_NPC22",14,,,,6,,,"level/npc22.json",35000,35000,,,,,,"TRUE",,,,,,,,,,,,,,,,,
"NPC23","npc25","NPC22","TID_NPC23",14,,,,6,,,"level/npc23.json",40000,40000,,,,,,"TRUE",,,,,,,,,,,,,,,,,
"NPC24","npc26","NPC23","TID_NPC24",14,,,,6,,,"level/npc24.json",45000,45000,,,,,,"TRUE",,,,,,,,,,,,,,,,,
"NPC25","npc27","NPC24","TID_NPC25",14,,,,7,,,"level/npc25.json",20000,80000,,,,,,"TRUE",,,,,,,,,,,,,,,,,
"NPC26","npc28","NPC25","TID_NPC26",14,,,,7,,,"level/npc26.json",60000,60000,,,,,,"TRUE",,,,,,,,,,,,,,,,,
"NPC27","npc29","NPC26","TID_NPC27",15,,,,7,,,"level/npc27.json",70000,70000,,,,,,"TRUE",,,,,,,,,,,,,,,,,
"NPC28","npc30","NPC27","TID_NPC28",14,,,,7,,,"level/npc28.json",150000,2000,,,,,,"TRUE",,,,,,,,,,,,,,,,,
"NPC29","npc31","NPC28","TID_NPC29",14,,,,7,,,"level/npc29.json",80000,80000,,,,,,"TRUE",,,,,,,,,,,,,,,,,
"NPC30","npc32","NPC29","TID_NPC30",15,,,,7,,,"level/npc30.json",90000,90000,,,,,,"TRUE",,,,,,,,,,,,,,,,,
"NPC31","npc33","NPC30","TID_NPC31",15,,,,7,,,"level/npc31.json",50000,140000,,,,,,"TRUE",,,,,,,,,,,,,,,,,
"NPC32","npc34","NPC31","TID_NPC32",15,,,,7,,,"level/npc32.json",150000,50000,,,,,,"TRUE",,,,,,,,,,,,,,,,,
"NPC33","npc35","NPC32","TID_NPC33",15,,,,8,,,"level/npc33.json",110000,110000,,,,,,"TRUE",,,,,,,,,,,,,,,,,
"NPC34","npc36","NPC33","TID_NPC34",15,,,,8,,,"level/npc34.json",120000,120000,,,,,,"TRUE",,,,,,,,,,,,,,,,,
"NPC35","npc37","NPC34","TID_NPC35",15,,,,8,,,"level/npc35.json",130000,130000,,,,,,"TRUE",,,,,,,,,,,,,,,,,
"NPC36","npc38","NPC35","TID_NPC36",15,,,,8,,,"level/npc36.json",2000,270000,,,,,,"TRUE",,,,,,,,,,,,,,,,,
"NPC37","npc39","NPC36","TID_NPC37",15,,,,8,,,"level/npc37.json",140000,140000,,,,,,"TRUE",,,,,,,,,,,,,,,,,
"NPC38","npc40","NPC37","TID_NPC38",15,,,,8,,,"level/npc38.json",150000,150000,,,,,,"TRUE",,,,,,,,,,,,,,,,,
"NPC39","npc41","NPC38","TID_NPC39",15,,,,8,,,"level/npc39.json",150000,150000,,,,,,"TRUE",,,,,,,,,,,,,,,,,
"NPC40","npc42","NPC39","TID_NPC40",15,,,,8,,,"level/npc40.json",150000,150000,,,,,,"TRUE",,,,,,,,,,,,,,,,,
"NPC41","npc43","NPC40","TID_NPC41",16,,,,9,,,"level/npc41.json",200000,200000,,,,,,"TRUE",,,,,,,,,,,,,,,,,
"NPC42","npc44","NPC41","TID_NPC42",16,,,,9,,,"level/npc42.json",250000,250000,,,,,,"TRUE",,,,,,,,,,,,,,,,,
"NPC43","npc45","NPC42","TID_NPC43",16,,,,9,,,"level/npc43.json",300000,300000,,,,,,"TRUE",,,,,,,,,,,,,,,,,
"NPC44","npc46","NPC43","TID_NPC44",17,,,,9,,,"level/npc44.json",400000,400000,,,,,,"TRUE",,,,,,,,,,,,,,,,,
,,"NPC39",,,,,,,,,,,,,,,,,"TRUE",,,,,,,,,,,,,,,,,
"NPC45","npc47","NPC44","TID_NPC45",17,,,,9,,,"level/npc45.json",500000,500000,,,,,,"TRUE",,,,,,,,,,,,,,,,,
"NPC46","npc48","NPC45","TID_NPC46",17,,,,9,,,"level/npc46.json",600000,600000,,,,,,"TRUE",,,,,,,,,,,,,,,,,
"NPC47","npc49","NPC46","TID_NPC47",17,,,,9,,,"level/npc47.json",700000,700000,,,,,,"TRUE",,,,,,,,,,,,,,,,,
"NPC48","npc50","NPC47","TID_NPC48",17,,,,9,,,"level/npc48.json",800000,800000,,,,,,"TRUE",,,,,,,,,,,,,,,,,
"DuelNPC",,,,34,,,,,,,"level/v2_tutorial.json",100,100,,"true","Master Jimmy","The Order",1526736218,"FALSE",,,,,,,,,,,,,,,,,
"NPC51","npc51","NPC48","TID_NPC51",17,,,,9,,,"level/npc49.json",300000,300000,2000,,,,,"TRUE",,,,,,,,,,,,,,,,,
"NPC52","npc52","NPC51","TID_NPC52",17,,,,10,,,"level/npc50.json",350000,350000,2500,,,,,"TRUE",,,,,,,,,,,,,,,,,
"NPC53","npc53","NPC52","TID_NPC53",17,,,,10,,,"level/npc51.json",350000,350000,3000,,,,,"TRUE",,,,,,,,,,,,,,,,,
"NPC54","npc54","NPC53","TID_NPC54",17,,,,10,,,"level/npc52.json",400000,400000,3500,,,,,"TRUE",,,,,,,,,,,,,,,,,
"NPC55","npc55","NPC54","TID_NPC55",17,,,,10,,,"level/npc53.json",400000,400000,4000,,,,,"TRUE",,,,,,,,,,,,,,,,,
"NPC56","npc56","NPC55","TID_NPC56",18,,,,10,,,"level/npc54.json",450000,450000,4000,,,,,"TRUE",,,,,,,,,,,,,,,,,
"NPC57","npc57","NPC56","TID_NPC57",18,,,,10,,,"level/npc55.json",450000,450000,4500,,,,,"TRUE","Dragon",7,1,,,,,,,,,,,,,,
,,,,,,,,,,,,,,,,,,,,"Balloon",8,3,,,,,,,,,,,,,,
"NPC58","npc58","NPC57","TID_NPC58",18,,,,10,,,"level/npc56.json",500000,500000,4500,,,,,"TRUE",,,,,,,,,,,,,,,,,
"NPC59","npc59","NPC58","TID_NPC59",18,,,,10,,,"level/npc57.json",500000,500000,5000,,,,,"TRUE",,,,,,,,,,,,,,,,,
"NPC60","npc60","NPC59","TID_NPC60",18,,,,11,,,"level/npc58.json",550000,550000,5000,,,,,"TRUE",,,,,,,,,,,,,,,,,
"NPC61","npc61","NPC59","TID_NPC61",18,,,,11,,,"level/npc59.json",550000,550000,5500,,,,,"TRUE",,,,,,,,,,,,,,,,,
"NPC62","npc62","NPC60","TID_NPC62",18,,,,11,,,"level/npc60.json",600000,600000,5500,,,,,"TRUE",,,,,,,,,,,,,,,,,
"NPC63","npc63","NPC61","TID_NPC63",18,,,,11,,,"level/npc61.json",600000,600000,6000,,,,,"TRUE",,,,,,,,,,,,,,,,,
"NPC64","npc64","NPC63","TID_NPC64",18,,,,11,,,"level/npc62.json",650000,650000,6000,,,,,"TRUE",,,,,,,,,,,,,,,,,
"NPC65","npc65","NPC64","TID_NPC65",18,,,,11,,,"level/npc63.json",650000,650000,6500,,,,,"TRUE",,,,,,,,,,,,,,,,,
"NPC66","npc66","NPC65","TID_NPC66",19,,,,11,,,"level/npc64.json",700000,700000,6500,,,,,"TRUE",,,,,,,,,,,,,,,,,
"NPC67","npc67","NPC66","TID_NPC67",19,,,,11,,,"level/npc65.json",700000,700000,7000,,,,,"TRUE",,,,,,,,,,,,,,,,,
"NPC68","npc68","NPC67","TID_NPC68",19,,,,12,,,"level/npc66.json",750000,750000,7000,,,,,"TRUE","Goblin",7,40,,,,,,,,,,,,,,
"NPC69","npc69","NPC68","TID_NPC69",19,,,,12,,,"level/npc67.json",750000,750000,7500,,,,,"TRUE",,,,,,,,,,,,,,,,,
"NPC70","npc70","NPC68","TID_NPC70",19,,,,12,,,"level/npc68.json",800000,800000,7500,,,,,"TRUE","Electro Dragon",3,1,,,,,,,,,,,,,,
,,,,,,,,,,,,,,,,,,,,"Golem",8,1,,,,,,,,,,,,,,
,,,,,,,,,,,,,,,,,,,,"Dragon",7,1,,,,,,,,,,,,,,
,,,,,,,,,,,,,,,,,,,,"PEKKA",8,1,,,,,,,,,,,,,,
,,,,,,,,,,,,,,,,,,,,"Warrior Girl",7,1,,,,,,,,,,,,,,
,,,,,,,,,,,,,,,,,,,,"Warlock",4,1,,,,,,,,,,,,,,
,,,,,,,,,,,,,,,,,,,,"Bowler",4,1,,,,,,,,,,,,,,
,,,,,,,,,,,,,,,,,,,,"BabyDragon",6,1,,,,,,,,,,,,,,
"NPC71","npc71","NPC70","TID_NPC71",19,,,,12,,,"level/npc69.json",800000,800000,8000,,,,,"TRUE",,,,,,,,,,,,,,,,,
"NPC72","npc72","NPC71","TID_NPC72",19,,,,12,,,"level/npc70.json",850000,850000,8000,,,,,"TRUE",,,,,,,,,,,,,,,,,
"NPC73","npc73","NPC72","TID_NPC73",19,,,,12,,,"level/npc71.json",1000000,1000000,10000,,,,,"TRUE","Dragon",5,3,,,,,,,,,,,,,,
"NPC74","npc74","NPC73","TID_NPC74",19,,,,12,,,"level/npc72.json",1250000,1250000,12500,,,,,"TRUE","Electro Dragon",3,3,,,,,,,,,,,,,,
"NPC75","npc75","NPC74","TID_NPC75",19,,,,12,,,"level/npc73.json",2500000,2500000,25000,,,,,"TRUE","GoblinDragon",1,1,,,,,,,,,,,,,,
"RE1",,,,,"CHALLENGE",,,,,,"level/challenge_test.json",650000,650000,6000,,,,,"TRUE",,,,"Electro Dragon",3,2,,,,,,"TRUE",,,,60000000,
,,,,,,,,,,,,,,,,,,,,,,,"Warlock",4,1,,,,,,,,,,,
,,,,,,,,,,,,,,,,,,,,,,,"Bowler",4,40,,,,,,,,,,,
,,,,,,,,,,,,,,,,,,,,,,,"Barbarian King",30,1,,,,,,,,,,,
,,,,,,,,,,,,,,,,,,,,,,,"Siege Machine Flyer",2,1,,,,,,,,,,,
,,,,,,,,,,,,,,,,,,,,,,,"Warrior Girl",7,8,"TRUE",,,,,,,,,,
,,,,,,,,,,,,,,,,,,,,,,,"Freeze",5,2,,,,,,,,,,,
,,,,,,,,,,,,,,,,,,,,,,,"Poison",4,2,,,,,,,,,,,
,,,,,,,,,,,,,,,,,,,,,,,"Archer Queen",35,1,,,,,,,,,,,
"CHALLENGE_TH6_GIWIWA",,,"TID_CHALLENGE_TH6_GIWIWA",,"TUTORIAL",6,6,,,,"level/challenge_th6_giwiwa.json",150000,150000,0,,,,,"TRUE",,,,"Giant",3,14,,,,,"TH6_Giwiwa_Giant1","true",,,,60000000,
,,,,,,,,,,,,,,,,,,,,,,,"Wizard",3,16,,,,,"Wait_1000ms",,,,,,
,,,,,,,,,,,,,,,,,,,,,,,"Wall Breaker",3,8,,,,,"TH6_Giwiwa_WallBreakers1",,,,,,
,,,,,,,,,,,,,,,,,,,,,,,"HealingWave",3,2,,,,,"Wait_5000ms",,,,,,
,,,,,,,,,,,,,,,,,,,,,,,,,,,,,,"TH6_Giwiwa_Giant2",,,,,,
,,,,,,,,,,,,,,,,,,,,,,,,,,,,,,"Wait_1000ms",,,,,,
,,,,,,,,,,,,,,,,,,,,,,,,,,,,,,"TH6_Giwiwa_Heal1",,,,,,
,,,,,,,,,,,,,,,,,,,,,,,,,,,,,,"Wait_1000ms",,,,,,
,,,,,,,,,,,,,,,,,,,,,,,,,,,,,,"TH6_Giwiwa_Wizards1",,,,,,
,,,,,,,,,,,,,,,,,,,,,,,,,,,,,,"Wait_1000ms",,,,,,
,,,,,,,,,,,,,,,,,,,,,,,,,,,,,,"TH6_Giwiwa_WallBreakers2",,,,,,
,,,,,,,,,,,,,,,,,,,,,,,,,,,,,,"Wait_5000ms",,,,,,
,,,,,,,,,,,,,,,,,,,,,,,,,,,,,,"TH6_Giwiwa_Wizards2",,,,,,
,,,,,,,,,,,,,,,,,,,,,,,,,,,,,,"TH6_Giwiwa_Wait_For_Heal",,,,,,
,,,,,,,,,,,,,,,,,,,,,,,,,,,,,,"TH6_Giwiwa_Heal2",,,,,,
"CHALLENGE_TH11_LAVALOON",,,"TID_CHALLENGE_TH11_LAVALOON",,"TUTORIAL",11,11,,,,"level/challenge_th11_lavaloon.json",500000,500000,5000,,,,,"TRUE",,,,"Balloon",7,29,,,,,"TH11_Lavaloon_Info_Eagle","true","Archer Queen",50,,60000000,
,,,,,,,,,,,,,,,,,,,,,,,"Gargoyle",7,5,,,,,"TH11_Lavaloon_Info_Queen",,"Barbarian King",50,,,
,,,,,,,,,,,,,,,,,,,,,,,"AirDefenceSeeker",4,3,,,,,"TH11_Lavaloon_Jump",,"Grand Warden",20,,,
,,,,,,,,,,,,,,,,,,,,,,,"Haste",5,2,,,,,"Wait_1000ms",,,,,,
,,,,,,,,,,,,,,,,,,,,,,,"SpeedUp",4,4,,,,,"TH11_Lavaloon_IceGolem",,,,,,
,,,,,,,,,,,,,,,,,,,,,,,"Poison",5,1,,,,,"Wait_1000ms",,,,,,
,,,,,,,,,,,,,,,,,,,,,,,"Archer Queen",50,1,,,,,"TH11_Lavaloon_BarbarianKing",,,,,,
,,,,,,,,,,,,,,,,,,,,,,,"Barbarian King",50,1,,,,,"Wait_1000ms",,,,,,
,,,,,,,,,,,,,,,,,,,,,,,"Grand Warden",20,1,,,,,"TH11_Lavaloon_ArcherQueen",,,,,,
,,,,,,,,,,,,,,,,,,,,,,,"Jump",3,1,,,,,"TH11_Lavaloon_Wait_For_KingAbility",,,,,,
,,,,,,,,,,,,,,,,,,,,,,,"Ice Golem",3,1,,,,,"TH11_Lavaloon_KingAbility",,,,,,
,,,,,,,,,,,,,,,,,,,,,,,"Siege Bowler Balloon",2,1,,,,,"Wait_1000ms",,,,,,
,,,,,,,,,,,,,,,,,,,,,,,"Balloon",7,7,"true",,,,"TH11_Lavaloon_Poison",,,,,,
,,,,,,,,,,,,,,,,,,,,,,,,,,,,,,"Wait_7500ms",,,,,,
,,,,,,,,,,,,,,,,,,,,,,,,,,,,,,"Wait_7500ms",,,,,,
,,,,,,,,,,,,,,,,,,,,,,,,,,,,,,"Wait_7500ms",,,,,,
,,,,,,,,,,,,,,,,,,,,,,,,,,,,,,"Wait_2500ms",,,,,,
,,,,,,,,,,,,,,,,,,,,,,,,,,,,,,"TH11_Lavaloon_Haste1",,,,,,
,,,,,,,,,,,,,,,,,,,,,,,,,,,,,,"Wait_1000ms",,,,,,
,,,,,,,,,,,,,,,,,,,,,,,,,,,,,,"TH11_Lavaloon_Hounds1",,,,,,
,,,,,,,,,,,,,,,,,,,,,,,,,,,,,,"Wait_1000ms",,,,,,
,,,,,,,,,,,,,,,,,,,,,,,,,,,,,,"TH11_Lavaloon_Balloons1",,,,,,
,,,,,,,,,,,,,,,,,,,,,,,,,,,,,,"Wait_1000ms",,,,,,
,,,,,,,,,,,,,,,,,,,,,,,,,,,,,,"TH11_Lavaloon_GrandWarden",,,,,,
,,,,,,,,,,,,,,,,,,,,,,,,,,,,,,"Wait_1000ms",,,,,,
,,,,,,,,,,,,,,,,,,,,,,,,,,,,,,"TH11_Lavaloon_StoneSlammer",,,,,,
,,,,,,,,,,,,,,,,,,,,,,,,,,,,,,"Wait_1000ms",,,,,,
,,,,,,,,,,,,,,,,,,,,,,,,,,,,,,"TH11_Lavaloon_Balloons2",,,,,,
,,,,,,,,,,,,,,,,,,,,,,,,,,,,,,"Wait_1000ms",,,,,,
,,,,,,,,,,,,,,,,,,,,,,,,,,,,,,"TH11_Lavaloon_Hounds2",,,,,,
,,,,,,,,,,,,,,,,,,,,,,,,,,,,,,"Wait_1000ms",,,,,,
,,,,,,,,,,,,,,,,,,,,,,,,,,,,,,"TH11_Lavaloon_Balloons3",,,,,,
,,,,,,,,,,,,,,,,,,,,,,,,,,,,,,"Wait_1000ms",,,,,,
,,,,,,,,,,,,,,,,,,,,,,,,,,,,,,"TH11_Lavaloon_Rage",,,,,,
,,,,,,,,,,,,,,,,,,,,,,,,,,,,,,"Wait_1000ms",,,,,,
,,,,,,,,,,,,,,,,,,,,,,,,,,,,,,"TH11_Lavaloon_WardenAbility",,,,,,
,,,,,,,,,,,,,,,,,,,,,,,,,,,,,,"Wait_7500ms",,,,,,
,,,,,,,,,,,,,,,,,,,,,,,,,,,,,,"TH11_Lavaloon_Haste2",,,,,,
,,,,,,,,,,,,,,,,,,,,,,,,,,,,,,"Wait_2500ms",,,,,,
,,,,,,,,,,,,,,,,,,,,,,,,,,,,,,"TH11_Lavaloon_Minions",,,,,,
"CHALLENGE_TH5_LOON",,,"TID_CHALLENGE_TH5_LOON",,"TUTORIAL",5,5,,,,"level/challenge_th5_loon.json",125000,125000,0,,,,,"TRUE",,,,"Balloon",2,27,,,,,"TH5_Loon_Loons1","true",,,,60000000,
,,,,,,,,,,,,,,,,,,,,,,,,,,,,,,"Wait_500ms",,,,,,
,,,,,,,,,,,,,,,,,,,,,,,,,,,,,,"TH5_Loon_Loons2",,,,,,
,,,,,,,,,,,,,,,,,,,,,,,,,,,,,,"Wait_500ms",,,,,,
,,,,,,,,,,,,,,,,,,,,,,,,,,,,,,"TH5_Loon_Loons3",,,,,,
,,,,,,,,,,,,,,,,,,,,,,,,,,,,,,"Wait_500ms",,,,,,
,,,,,,,,,,,,,,,,,,,,,,,,,,,,,,"TH5_Loon_Loons4",,,,,,
"CHALLENGE_TH7_DRAGON",,,"TID_CHALLENGE_TH7_DRAGON",,"TUTORIAL",7,7,,,,"level/challenge_th7_dragon.json",200000,200000,0,,,,,"TRUE",,,,"Dragon",2,10,,,,,"TH7_Dragon_Info_AirSweeper","true","Barbarian King",5,,60000000,
,,,,,,,,,,,,,,,,,,,,,,,"LighningStorm",4,6,,,,,"TH7_Dragon_Lightning",,,,,,
,,,,,,,,,,,,,,,,,,,,,,,"Barbarian King",5,1,,,,,"Wait_1000ms",,,,,,
,,,,,,,,,,,,,,,,,,,,,,,,,,,,,,"TH7_Dragon_BarbarianKing",,,,,,
,,,,,,,,,,,,,,,,,,,,,,,,,,,,,,"Wait_1000ms",,,,,,
,,,,,,,,,,,,,,,,,,,,,,,,,,,,,,"TH7_Dragon_Dragons1",,,,,,
,,,,,,,,,,,,,,,,,,,,,,,,,,,,,,"Wait_7500ms",,,,,,
,,,,,,,,,,,,,,,,,,,,,,,,,,,,,,"TH7_Dragon_Dragons2",,,,,,
,,,,,,,,,,,,,,,,,,,,,,,,,,,,,,"Wait_1000ms",,,,,,
,,,,,,,,,,,,,,,,,,,,,,,,,,,,,,"TH7_Dragon_Dragons3",,,,,,
"CHALLENGE_TH12_BOWIGI",,,"TID_CHALLENGE_TH12_BOWIGI",,"TUTORIAL",12,12,,,,"level/challenge_th12_bowigi.json",600000,600000,6000,,,,,"TRUE",,,,"Giant",9,5,,,,,"TH12_Bowigi_Balloon1","true","Barbarian King",40,,60000000,
,,,,,,,,,,,,,,,,,,,,,,,"Wall Breaker",8,7,,,,,"Wait_2500ms",,"Archer Queen",40,,,
,,,,,,,,,,,,,,,,,,,,,,,"Balloon",8,3,,,,,"TH12_Bowigi_Healers",,"Grand Warden",20,,,
,,,,,,,,,,,,,,,,,,,,,,,"Wizard",9,5,,,,,"Wait_1000ms",,,,,,
,,,,,,,,,,,,,,,,,,,,,,,"Healer",5,5,,,,,"TH12_Bowigi_ArcherQueen",,,,,,
,,,,,,,,,,,,,,,,,,,,,,,"BabyDragon",6,1,,,,,"Wait_7500ms",,,,,,
,,,,,,,,,,,,,,,,,,,,,,,"Warlock",4,3,,,,,"Wait_7500ms",,,,,,
,,,,,,,,,,,,,,,,,,,,,,,"Bowler",4,15,,,,,"Wait_2500ms",,,,,,
,,,,,,,,,,,,,,,,,,,,,,,"Siege Machine Ram",3,1,,,,,"TH12_Bowigi_Rage1",,,,,,
,,,,,,,,,,,,,,,,,,,,,,,"Giant",9,8,"TRUE",,,,"Wait_7500ms",,,,,,
,,,,,,,,,,,,,,,,,,,,,,,"Barbarian King",60,1,,,,,"Wait_2500ms",,,,,,
,,,,,,,,,,,,,,,,,,,,,,,"Archer Queen",60,1,,,,,"TH12_Bowigi_Giants",,,,,,
,,,,,,,,,,,,,,,,,,,,,,,"Grand Warden",30,1,,,,,"Wait_1000ms",,,,,,
,,,,,,,,,,,,,,,,,,,,,,,"Haste",5,3,,,,,"TH12_Bowigi_WallWrecker",,,,,,
,,,,,,,,,,,,,,,,,,,,,,,"Jump",3,1,,,,,"TH12_Bowigi_GrandWarden",,,,,,
,,,,,,,,,,,,,,,,,,,,,,,"Freeze",7,2,,,,,"TH12_Bowigi_BarbarianKing",,,,,,
,,,,,,,,,,,,,,,,,,,,,,,"Poison",5,1,,,,,"Wait_1000ms",,,,,,
,,,,,,,,,,,,,,,,,,,,,,,,,,,,,,"TH12_Bowigi_Witches",,,,,,
,,,,,,,,,,,,,,,,,,,,,,,,,,,,,,"Wait_1000ms",,,,,,
,,,,,,,,,,,,,,,,,,,,,,,,,,,,,,"TH12_Bowigi_Bowlers",,,,,,
,,,,,,,,,,,,,,,,,,,,,,,,,,,,,,"Wait_1000ms",,,,,,
,,,,,,,,,,,,,,,,,,,,,,,,,,,,,,"TH12_Bowigi_WallBreakers",,,,,,
,,,,,,,,,,,,,,,,,,,,,,,,,,,,,,"Wait_1000ms",,,,,,
,,,,,,,,,,,,,,,,,,,,,,,,,,,,,,"TH12_Bowigi_Freeze1",,,,,,
,,,,,,,,,,,,,,,,,,,,,,,,,,,,,,"Wait_2500ms",,,,,,
,,,,,,,,,,,,,,,,,,,,,,,,,,,,,,"TH12_Bowigi_Freeze2",,,,,,
,,,,,,,,,,,,,,,,,,,,,,,,,,,,,,"Wait_1000ms",,,,,,
,,,,,,,,,,,,,,,,,,,,,,,,,,,,,,"TH12_Bowigi_Rage2",,,,,,
,,,,,,,,,,,,,,,,,,,,,,,,,,,,,,"Wait_2500ms",,,,,,
,,,,,,,,,,,,,,,,,,,,,,,,,,,,,,"TH12_Bowigi_Jump",,,,,,
,,,,,,,,,,,,,,,,,,,,,,,,,,,,,,"Wait_2500ms",,,,,,
,,,,,,,,,,,,,,,,,,,,,,,,,,,,,,"TH12_Bowigi_KingAbility",,,,,,
,,,,,,,,,,,,,,,,,,,,,,,,,,,,,,"TH12_Bowigi_WaitForWarden",,,,,,
,,,,,,,,,,,,,,,,,,,,,,,,,,,,,,"WardenAbility",,,,,,
,,,,,,,,,,,,,,,,,,,,,,,,,,,,,,"Wait_7500ms",,,,,,
,,,,,,,,,,,,,,,,,,,,,,,,,,,,,,"TH12_Bowigi_CleanUp",,,,,,
"CHALLENGE_TH4_GIANT",,,"TID_CHALLENGE_TH4_GIANT",,"TUTORIAL",4,4,,,,"level/challenge_th4_giant.json",100000,100000,0,,,,,"TRUE",,,,"Giant",2,13,,,,,"TH4_Giant_Giants1","TRUE",,,,60000000,
,,,,,,,,,,,,,,,,,,,,,,,"Wall Breaker",2,2,,,,,"Wait_500ms",,,,,,
,,,,,,,,,,,,,,,,,,,,,,,"Goblin",2,11,,,,,"TH4_Giant_WallBreakers",,,,,,
,,,,,,,,,,,,,,,,,,,,,,,,,,,,,,"Wait_5000ms",,,,,,
,,,,,,,,,,,,,,,,,,,,,,,,,,,,,,"TH4_Giant_Giants2",,,,,,
,,,,,,,,,,,,,,,,,,,,,,,,,,,,,,"Wait_5000ms",,,,,,
,,,,,,,,,,,,,,,,,,,,,,,,,,,,,,"TH4_Giant_Goblins",,,,,,
"CHALLENGE_TH7_HOG",,,"TID_CHALLENGE_TH7_HOG",,"TUTORIAL",7,7,,,,"level/challenge_th7_hog.json",200000,200000,0,,,,,"TRUE",,,,"Boar Rider",2,36,,,,,"TH7_Hog_BarbarianKing","TRUE","Barbarian King",5,,60000000,
,,,,,,,,,,,,,,,,,,,,,,,"Wizard",4,5,,,,,"Wait_1000ms",,,,,,
,,,,,,,,,,,,,,,,,,,,,,,"Barbarian King",5,1,,,,,"TH7_Hog_Wizards",,,,,,
,,,,,,,,,,,,,,,,,,,,,,,"HealingWave",4,3,,,,,"Wait_2500ms",,,,,,
,,,,,,,,,,,,,,,,,,,,,,,,,,,,,,"TH7_Hog_Hogs",,,,,,
,,,,,,,,,,,,,,,,,,,,,,,,,,,,,,"KingHealthLow",,,,,,
,,,,,,,,,,,,,,,,,,,,,,,,,,,,,,"TH7_Hog_Wait_For_Heal",,,,,,
,,,,,,,,,,,,,,,,,,,,,,,,,,,,,,"TH7_Hog_Heal1",,,,,,
,,,,,,,,,,,,,,,,,,,,,,,,,,,,,,"Wait_5000ms",,,,,,
,,,,,,,,,,,,,,,,,,,,,,,,,,,,,,"TH7_Hog_Heal2",,,,,,
"CHALLENGE_TH7_MINION",,,"TID_CHALLENGE_TH7_MINION",,"TUTORIAL",7,7,,,,"level/challenge_th7_minion.json",200000,200000,0,,,,,"TRUE",,,,"Balloon",4,30,,,,,"TH7_Minion_Info_AirSweeper","TRUE","Barbarian King",5,,60000000,
,,,,,,,,,,,,,,,,,,,,,,,"Gargoyle",2,25,,,,,"TH7_Minion_Balloons",,,,,,
,,,,,,,,,,,,,,,,,,,,,,,"Barbarian King",5,1,,,,,"Wait_2500ms",,,,,,
,,,,,,,,,,,,,,,,,,,,,,,"Haste",4,3,,,,,"TH7_Minion_Rage1",,,,,,
,,,,,,,,,,,,,,,,,,,,,,,,,,,,,,"Wait_2500ms",,,,,,
,,,,,,,,,,,,,,,,,,,,,,,,,,,,,,"TH7_Minion_BarbarianKing",,,,,,
,,,,,,,,,,,,,,,,,,,,,,,,,,,,,,"Wait_2500ms",,,,,,
,,,,,,,,,,,,,,,,,,,,,,,,,,,,,,"TH7_Minion_Minions",,,,,,
,,,,,,,,,,,,,,,,,,,,,,,,,,,,,,"Wait_5000ms",,,,,,
,,,,,,,,,,,,,,,,,,,,,,,,,,,,,,"TH7_Minion_Rage2",,,,,,
"CHALLENGE_TH8_GOWIPE",,,"TID_CHALLENGE_TH8_GOWIPE",,"TUTORIAL",8,8,,,,"level/challenge_th8_gowipe.json",250000,250000,1500,,,,,"TRUE",,,,"Golem",2,1,,,,,"TH8_Gowipe_Earthquake","TRUE","Barbarian King",10,,60000000,
,,,,,,,,,,,,,,,,,,,,,,,"PEKKA",3,4,,,,,"Wait_500ms",,,,,,
,,,,,,,,,,,,,,,,,,,,,,,"Wizard",5,16,,,,,"TH8_Gowipe_Funnel_Pekkas",,,,,,
,,,,,,,,,,,,,,,,,,,,,,,"Wall Breaker",5,2,,,,,"Wait_1000ms",,,,,,
,,,,,,,,,,,,,,,,,,,,,,,"Archer",5,2,,,,,"TH8_Gowipe_Wizards1",,,,,,
,,,,,,,,,,,,,,,,,,,,,,,"HealingWave",5,2,,,,,"Wait_1000ms",,,,,,
,,,,,,,,,,,,,,,,,,,,,,,"Haste",5,1,,,,,"TH8_Gowipe_Golem",,,,,,
,,,,,,,,,,,,,,,,,,,,,,,"Earthquake",2,1,,,,,"Wait_1000ms",,,,,,
,,,,,,,,,,,,,,,,,,,,,,,"Barbarian King",10,1,,,,,"TH8_Gowipe_WallBreakers",,,,,,
,,,,,,,,,,,,,,,,,,,,,,,,,,,,,,"Wait_1000ms",,,,,,
,,,,,,,,,,,,,,,,,,,,,,,,,,,,,,"TH8_Gowipe_BarbarianKing",,,,,,
,,,,,,,,,,,,,,,,,,,,,,,,,,,,,,"Wait_1000ms",,,,,,
,,,,,,,,,,,,,,,,,,,,,,,,,,,,,,"TH8_Gowipe_Support_Pekkas",,,,,,
,,,,,,,,,,,,,,,,,,,,,,,,,,,,,,"Wait_2500ms",,,,,,
,,,,,,,,,,,,,,,,,,,,,,,,,,,,,,"TH8_Gowipe_Wizards2",,,,,,
,,,,,,,,,,,,,,,,,,,,,,,,,,,,,,"Wait_2500ms",,,,,,
,,,,,,,,,,,,,,,,,,,,,,,,,,,,,,"TH8_Gowipe_Heal1",,,,,,
,,,,,,,,,,,,,,,,,,,,,,,,,,,,,,"Wait_1000ms",,,,,,
,,,,,,,,,,,,,,,,,,,,,,,,,,,,,,"TH8_Gowipe_Rage",,,,,,
,,,,,,,,,,,,,,,,,,,,,,,,,,,,,,"Wait_7500ms",,,,,,
,,,,,,,,,,,,,,,,,,,,,,,,,,,,,,"Wait_2500ms",,,,,,
,,,,,,,,,,,,,,,,,,,,,,,,,,,,,,"TH8_Gowipe_Heal2",,,,,,
,,,,,,,,,,,,,,,,,,,,,,,,,,,,,,"TH8_Gowipe_Clean_Up",,,,,,
"CHALLENGE_TH8_GOWIVA",,,"TID_CHALLENGE_TH8_GOWIVA",,"TUTORIAL",8,8,,,,"level/challenge_th8_gowiva.json",250000,250000,1500,,,"Clashers",1526736218,"TRUE","Balloon",5,5,"Golem",2,1,,,,,"TH8_Gowiva_Earthquake","TRUE","Barbarian King",10,,60000000,
,,,,,,,,,,,,,,,,,,,,,,,"Warrior Girl",2,15,,,,,"Wait_2500ms",,,,,,
,,,,,,,,,,,,,,,,,,,,,,,"Wizard",5,11,,,,,"TH8_Gowiva_HogRider",,,,,,
,,,,,,,,,,,,,,,,,,,,,,,"Boar Rider",2,1,,,,,"Wait_5000ms",,,,,,
,,,,,,,,,,,,,,,,,,,,,,,"Archer",5,1,,,,,"TH8_Gowiva_Archer",,,,,,
,,,,,,,,,,,,,,,,,,,,,,,"HealingWave",5,1,,,,,"Wait_7500ms",,,,,,
,,,,,,,,,,,,,,,,,,,,,,,"Poison",2,1,,,,,"Wait_7500ms",,,,,,
,,,,,,,,,,,,,,,,,,,,,,,"Earthquake",2,4,,,,,"TH8_Gowiva_Poison",,,,,,
,,,,,,,,,,,,,,,,,,,,,,,"Barbarian King",10,1,,,,,"Wait_1000ms",,,,,,
,,,,,,,,,,,,,,,,,,,,,,,,,,,,,,"TH8_Gowiva_Golem",,,,,,
,,,,,,,,,,,,,,,,,,,,,,,,,,,,,,"Wait_1000ms",,,,,,
,,,,,,,,,,,,,,,,,,,,,,,,,,,,,,"TH8_Gowiva_Wizards",,,,,,
,,,,,,,,,,,,,,,,,,,,,,,,,,,,,,"Wait_5000ms",,,,,,
,,,,,,,,,,,,,,,,,,,,,,,,,,,,,,"TH8_Gowiva_BarbarianKing",,,,,,
,,,,,,,,,,,,,,,,,,,,,,,,,,,,,,"Wait_1000ms",,,,,,
,,,,,,,,,,,,,,,,,,,,,,,,,,,,,,"TH8_Gowiva_Valkyries",,,,,,
,,,,,,,,,,,,,,,,,,,,,,,,,,,,,,"Wait_2500ms",,,,,,
,,,,,,,,,,,,,,,,,,,,,,,,,,,,,,"TH8_Gowiva_Heal",,,,,,
"CHALLENGE_TH9_LAVALOON",,,"TID_CHALLENGE_TH9_LAVALOON",,"TUTORIAL",9,9,,,,"level/challenge_th9_lavaloon.json",300000,300000,3000,,,,,"TRUE",,,,"AirDefenceSeeker",2,2,,,,,"TH9_Lavaloon_BarbarianKing_1","TRUE","Barbarian King",30,,60000000,
,,,,,,,,,,,,,,,,,,,,,,,"Balloon",6,26,,,,,"TH9_Lavaloon_BarbarianKing_2",,"Archer Queen",30,,,
,,,,,,,,,,,,,,,,,,,,,,,"BabyDragon",2,2,,,,,"TH9_Lavaloon_BarbarianKing_3",,,,,,
,,,,,,,,,,,,,,,,,,,,,,,"Gargoyle",5,5,,,,,"Wait_1000ms",,,,,,
,,,,,,,,,,,,,,,,,,,,,,,"Haste",5,2,,,,,"TH9_Lavaloon_KingAbility",,,,,,
,,,,,,,,,,,,,,,,,,,,,,,"SpeedUp",2,4,,,,,"Wait_2500ms",,,,,,
,,,,,,,,,,,,,,,,,,,,,,,"Freeze",1,1,,,,,"TH9_Lavaloon_ArcherQueen",,,,,,
,,,,,,,,,,,,,,,,,,,,,,,"Barbarian King",30,1,,,,,"TH9_Lavaloon_Wait_For_Hounds",,,,,,
,,,,,,,,,,,,,,,,,,,,,,,"Archer Queen",30,1,,,,,"TH9_Lavaloon_Haste1",,,,,,
,,,,,,,,,,,,,,,,,,,,,,,,,,,,,,"Wait_500ms",,,,,,
,,,,,,,,,,,,,,,,,,,,,,,,,,,,,,"TH9_Lavaloon_Hounds",,,,,,
,,,,,,,,,,,,,,,,,,,,,,,,,,,,,,"Wait_500ms",,,,,,
,,,,,,,,,,,,,,,,,,,,,,,,,,,,,,"TH9_Lavaloon_Balloons",,,,,,
,,,,,,,,,,,,,,,,,,,,,,,,,,,,,,"Wait_500ms",,,,,,
,,,,,,,,,,,,,,,,,,,,,,,,,,,,,,"TH9_Lavaloon_Freeze",,,,,,
,,,,,,,,,,,,,,,,,,,,,,,,,,,,,,"Wait_500ms",,,,,,
,,,,,,,,,,,,,,,,,,,,,,,,,,,,,,"TH9_Lavaloon_Rage1",,,,,,
,,,,,,,,,,,,,,,,,,,,,,,,,,,,,,"Wait_5000ms",,,,,,
,,,,,,,,,,,,,,,,,,,,,,,,,,,,,,"Wait_5000ms",,,,,,
,,,,,,,,,,,,,,,,,,,,,,,,,,,,,,"TH9_Lavaloon_Rage2",,,,,,
,,,,,,,,,,,,,,,,,,,,,,,,,,,,,,"Wait_500ms",,,,,,
,,,,,,,,,,,,,,,,,,,,,,,,,,,,,,"TH9_Lavaloon_Haste2",,,,,,
,,,,,,,,,,,,,,,,,,,,,,,,,,,,,,"Wait_2500ms",,,,,,
,,,,,,,,,,,,,,,,,,,,,,,,,,,,,,"TH9_Lavaloon_CleanUp",,,,,,
"CHALLENGE_TH9_BABYDQW",,,"TID_CHALLENGE_TH9_BABYDQW",,"TUTORIAL",9,9,,,,"level/challenge_th9_babydqw.json",300000,300000,3000,,,,,"TRUE",,,,"Healer",4,5,,,,,"TH9_BabydQW_ArcherQueen","TRUE","Barbarian King",30,,60000000,
,,,,,,,,,,,,,,,,,,,,,,,"BabyDragon",2,14,,,,,"TH9_BabydQW_Healers",,"Archer Queen",30,,,
,,,,,,,,,,,,,,,,,,,,,,,"Barbarian King",30,1,,,,,"Wait_7500ms",,,,,,
,,,,,,,,,,,,,,,,,,,,,,,"Archer Queen",30,1,,,,,"TH9_BabydQW_Info_Wait",,,,,,
,,,,,,,,,,,,,,,,,,,,,,,"Jump",2,1,,,,,"TH9_BabydQW_Wait_For_WallBreakers",,,,,,
,,,,,,,,,,,,,,,,,,,,,,,"Haste",5,2,,,,,"TH9_BabydQW_WallBreakers",,,,,,
,,,,,,,,,,,,,,,,,,,,,,,"HealingWave",6,1,,,,,"TH9_BabydQW_Wait_For_Poison",,,,,,
,,,,,,,,,,,,,,,,,,,,,,,"Poison",3,1,,,,,"TH9_BabydQW_Poison",,,,,,
,,,,,,,,,,,,,,,,,,,,,,,"Wall Breaker",5,5,,,,,"TH9_BabydQW_Rage",,,,,,
,,,,,,,,,,,,,,,,,,,,,,,,,,,,,,"TH9_BabydQW_Wait_For_King",,,,,,
,,,,,,,,,,,,,,,,,,,,,,,,,,,,,,"TH9_BabydQW_BarbarianKing",,,,,,
,,,,,,,,,,,,,,,,,,,,,,,,,,,,,,"TH9_BabydQW_Wait_For_Jump",,,,,,
,,,,,,,,,,,,,,,,,,,,,,,,,,,,,,"TH9_BabydQW_Jump",,,,,,
,,,,,,,,,,,,,,,,,,,,,,,,,,,,,,"TH9_BabydQW_Wait_For_BabyDragons",,,,,,
,,,,,,,,,,,,,,,,,,,,,,,,,,,,,,"TH9_BabydQW_BabyDragons",,,,,,
,,,,,,,,,,,,,,,,,,,,,,,,,,,,,,"TH9_BabydQW_Spells",,,,,,
"CHALLENGE_TH10_MINER",,,"TID_CHALLENGE_TH10_MINER",,"TUTORIAL",10,10,,,,"level/challenge_th10_miner.json",400000,400000,4000,,,,,"TRUE",,,,"Barbarian King",40,1,,,,,"TH10_Miner_ArcherQueen","TRUE","Barbarian King",40,,60000000,
,,,,,,,,,,,,,,,,,,,,,,,"Archer Queen",40,1,,,,,"Wait_1000ms",,"Archer Queen",40,,,
,,,,,,,,,,,,,,,,,,,,,,,"Miner",3,23,,,,,"TH10_Miner_Healers",,,,,,
,,,,,,,,,,,,,,,,,,,,,,,"Healer",4,5,,,,,"TH10_Miner_Wait_For_Wall_Breakers",,,,,,
,,,,,,,,,,,,,,,,,,,,,,,"Wall Breaker",6,4,,,,,"TH10_Miner_TestWallBreaker",,,,,,
,,,,,,,,,,,,,,,,,,,,,,,"Wizard",7,6,,,,,"Wait_2500ms",,,,,,
,,,,,,,,,,,,,,,,,,,,,,,"HealingWave",7,4,,,,,"TH10_Miner_WallBreakers",,,,,,
,,,,,,,,,,,,,,,,,,,,,,,"Haste",5,1,,,,,"Wait_2500ms",,,,,,
,,,,,,,,,,,,,,,,,,,,,,,"Poison",4,1,,,,,"TH10_Miner_Wait_For_Rage",,,,,,
,,,,,,,,,,,,,,,,,,,,,,,,,,,,,,"TH10_Miner_Wizards1",,,,,,
,,,,,,,,,,,,,,,,,,,,,,,,,,,,,,"Wait_7500ms",,,,,,
,,,,,,,,,,,,,,,,,,,,,,,,,,,,,,"TH10_Miner_Poison",,,,,,
,,,,,,,,,,,,,,,,,,,,,,,,,,,,,,"Wait_1000ms",,,,,,
,,,,,,,,,,,,,,,,,,,,,,,,,,,,,,"TH10_Miner_Rage",,,,,,
,,,,,,,,,,,,,,,,,,,,,,,,,,,,,,"TH10_Miner_Wait_For_Miners",,,,,,
,,,,,,,,,,,,,,,,,,,,,,,,,,,,,,"TH10_Miner_Miners",,,,,,
,,,,,,,,,,,,,,,,,,,,,,,,,,,,,,"Wait_5000ms",,,,,,
,,,,,,,,,,,,,,,,,,,,,,,,,,,,,,"TH10_Miner_Wizards2",,,,,,
,,,,,,,,,,,,,,,,,,,,,,,,,,,,,,"Wait_5000ms",,,,,,
,,,,,,,,,,,,,,,,,,,,,,,,,,,,,,"TH10_Miner_Wizards3",,,,,,
,,,,,,,,,,,,,,,,,,,,,,,,,,,,,,"Wait_2500ms",,,,,,
,,,,,,,,,,,,,,,,,,,,,,,,,,,,,,"TH10_Miner_BarbarianKing",,,,,,
,,,,,,,,,,,,,,,,,,,,,,,,,,,,,,"Wait_5000ms",,,,,,
,,,,,,,,,,,,,,,,,,,,,,,,,,,,,,"TH10_Miner_Heals",,,,,,
"CHALLENGE_TH9_WITCH",,,"TID_CHALLENGE_TH9_WITCH",,"TUTORIAL",9,9,,,,"level/challenge_th9_witch.json",300000,300000,3000,,,,,"TRUE",,,,"Barbarian King",30,1,,,,,"TH9_Witch_FunnelWizard","TRUE","Barbarian King",30,,60000000,
,,,,,,,,,,,,,,,,,,,,,,,"Archer Queen",30,1,,,,,"Wait_1000ms",,"Archer Queen",30,,,
,,,,,,,,,,,,,,,,,,,,,,,"Warlock",2,8,,,,,"TH9_Witch_ArcherQueen",,,,,,
,,,,,,,,,,,,,,,,,,,,,,,"Golem",4,2,,,,,"Wait_5000ms",,,,,,
,,,,,,,,,,,,,,,,,,,,,,,"Wizard",6,2,,,,,"TH9_Witch_Healers",,,,,,
,,,,,,,,,,,,,,,,,,,,,,,"Healer",4,4,,,,,"TH9_Witch_Wait_For_Earthquake",,,,,,
,,,,,,,,,,,,,,,,,,,,,,,"Earthquake",3,4,,,,,"TH9_Witch_Earthquake",,,,,,
,,,,,,,,,,,,,,,,,,,,,,,"Haste",5,1,,,,,"TH9_Witch_Wait_For_Deploy",,,,,,
,,,,,,,,,,,,,,,,,,,,,,,"Poison",3,1,,,,,"TH9_Witch_Golems",,,,,,
,,,,,,,,,,,,,,,,,,,,,,,"Jump",2,1,,,,,"Wait_1000ms",,,,,,
,,,,,,,,,,,,,,,,,,,,,,,,,,,,,,"TH9_Witch_Witches1",,,,,,
,,,,,,,,,,,,,,,,,,,,,,,,,,,,,,"Wait_1000ms",,,,,,
,,,,,,,,,,,,,,,,,,,,,,,,,,,,,,"TH9_Witch_Witches2",,,,,,
,,,,,,,,,,,,,,,,,,,,,,,,,,,,,,"Wait_5000ms",,,,,,
,,,,,,,,,,,,,,,,,,,,,,,,,,,,,,"TH9_Witch_BarbarianKing",,,,,,
,,,,,,,,,,,,,,,,,,,,,,,,,,,,,,"Wait_2500ms",,,,,,
,,,,,,,,,,,,,,,,,,,,,,,,,,,,,,"TH9_Witch_Rage",,,,,,
,,,,,,,,,,,,,,,,,,,,,,,,,,,,,,"Wait_2500ms",,,,,,
,,,,,,,,,,,,,,,,,,,,,,,,,,,,,,"TH9_Witch_Poison",,,,,,
,,,,,,,,,,,,,,,,,,,,,,,,,,,,,,"TH9_Witch_Wait_For_Jump",,,,,,
,,,,,,,,,,,,,,,,,,,,,,,,,,,,,,"TH9_Witch_Jump",,,,,,
,,,,,,,,,,,,,,,,,,,,,,,,,,,,,,"Wait_2500ms",,,,,,
,,,,,,,,,,,,,,,,,,,,,,,,,,,,,,"TH9_Witch_Wizard",,,,,,
"CHALLENGE_TH11_EDRAG",,,"TID_CHALLENGE_TH11_EDRAG",,"TUTORIAL",11,11,,,,"level/challenge_th11_edrag.json",500000,500000,5000,,,,,"TRUE",,,,"Barbarian King",50,1,,,,,"TH11_Edrag_FunnelEdrag1","TRUE","Barbarian King",50,,60000000,
,,,,,,,,,,,,,,,,,,,,,,,"Archer Queen",50,1,,,,,"TH11_Edrag_Wait_For_Queen",,"Archer Queen",50,,,
,,,,,,,,,,,,,,,,,,,,,,,"Grand Warden",20,1,,,,,"TH11_Edrag_ArcherQueen",,"Grand Warden",20,,,
,,,,,,,,,,,,,,,,,,,,,,,"Siege Machine Flyer",3,1,,,,,"TH11_Edrag_Wait_For_Blimp",,,,,,
,,,,,,,,,,,,,,,,,,,,,,,"Electro Dragon",3,1,"true",,,,"TH11_Edrag_BattleBlimp",,,,,,
,,,,,,,,,,,,,,,,,,,,,,,"Balloon",8,1,"true",,,,"Wait_5000ms",,,,,,
,,,,,,,,,,,,,,,,,,,,,,,"Electro Dragon",2,8,,,,,"TH11_Edrag_Rage1",,,,,,
,,,,,,,,,,,,,,,,,,,,,,,"Balloon",7,4,,,,,"Wait_1000ms",,,,,,
,,,,,,,,,,,,,,,,,,,,,,,"Haste",5,3,,,,,"TH11_Edrag_Clones",,,,,,
,,,,,,,,,,,,,,,,,,,,,,,"SpeedUp",5,1,,,,,"Wait_1000ms",,,,,,
,,,,,,,,,,,,,,,,,,,,,,,"Duplicate",5,2,,,,,"TH11_Edrag_Deploy_Blimp",,,,,,
,,,,,,,,,,,,,,,,,,,,,,,,,,,,,,"Wait_7500ms",,,,,,
,,,,,,,,,,,,,,,,,,,,,,,,,,,,,,"TH11_Edrag_FunnelEdrag2",,,,,,
,,,,,,,,,,,,,,,,,,,,,,,,,,,,,,"Wait_5000ms",,,,,,
,,,,,,,,,,,,,,,,,,,,,,,,,,,,,,"TH11_Edrag_Edrags",,,,,,
,,,,,,,,,,,,,,,,,,,,,,,,,,,,,,"Wait_2500ms",,,,,,
,,,,,,,,,,,,,,,,,,,,,,,,,,,,,,"TH11_Edrag_GrandWarden",,,,,,
,,,,,,,,,,,,,,,,,,,,,,,,,,,,,,"Wait_2500ms",,,,,,
,,,,,,,,,,,,,,,,,,,,,,,,,,,,,,"TH11_Edrag_Balloons",,,,,,
,,,,,,,,,,,,,,,,,,,,,,,,,,,,,,"Wait_2500ms",,,,,,
,,,,,,,,,,,,,,,,,,,,,,,,,,,,,,"TH11_Edrag_BarbarianKing",,,,,,
,,,,,,,,,,,,,,,,,,,,,,,,,,,,,,"Wait_7500ms",,,,,,
,,,,,,,,,,,,,,,,,,,,,,,,,,,,,,"TH11_Edrag_Rage2",,,,,,
,,,,,,,,,,,,,,,,,,,,,,,,,,,,,,"Wait_1000ms",,,,,,
,,,,,,,,,,,,,,,,,,,,,,,,,,,,,,"WardenAbility",,,,,,
,,,,,,,,,,,,,,,,,,,,,,,,,,,,,,"Wait_7500ms",,,,,,
,,,,,,,,,,,,,,,,,,,,,,,,,,,,,,"TH11_Edrag_Clean_Up",,,,,,
"CHALLENGE_TH10_BOBAT",,,"TID_CHALLENGE_TH10_BOBAT",,"TUTORIAL",10,10,,,,"level/challenge_th10_bobat.json",400000,400000,4000,,,,,"TRUE",,,,"Barbarian King",40,1,,,,,"TH10_Bobat_ArcherQueen","TRUE","Barbarian King",40,,60000000,
,,,,,,,,,,,,,,,,,,,,,,,"Archer Queen",40,1,,,,,"Wait_2500ms",,"Archer Queen",40,,,
,,,,,,,,,,,,,,,,,,,,,,,"PEKKA",6,4,,,,,"TH10_Bobat_Healers",,,,,,
,,,,,,,,,,,,,,,,,,,,,,,"Bowler",2,11,,,,,"TH10_Bobat_Wait_For_Rage",,,,,,
,,,,,,,,,,,,,,,,,,,,,,,"Healer",4,5,,,,,"TH10_Bobat_Rage1",,,,,,
,,,,,,,,,,,,,,,,,,,,,,,"Wall Breaker",6,2,,,,,"Wait_5000ms",,,,,,
,,,,,,,,,,,,,,,,,,,,,,,"Siege Machine Ram",3,1,,,,,"TH10_Bobat_WallBreakers",,,,,,
,,,,,,,,,,,,,,,,,,,,,,,"Giant",9,2,"true",,,,"Wait_5000ms",,,,,,
,,,,,,,,,,,,,,,,,,,,,,,"PEKKA",8,1,"true",,,,"TH10_Bobat_WallWrecker",,,,,,
,,,,,,,,,,,,,,,,,,,,,,,"Haste",5,2,,,,,"Wait_7500ms",,,,,,
,,,,,,,,,,,,,,,,,,,,,,,"Freeze",5,3,,,,,"TH10_Bobat_BarbarianKing",,,,,,
,,,,,,,,,,,,,,,,,,,,,,,"SpawnBats",3,5,,,,,"Wait_1000ms",,,,,,
,,,,,,,,,,,,,,,,,,,,,,,,,,,,,,"TH10_Bobat_PEKKAs",,,,,,
,,,,,,,,,,,,,,,,,,,,,,,,,,,,,,"Wait_1000ms",,,,,,
,,,,,,,,,,,,,,,,,,,,,,,,,,,,,,"TH10_Bobat_Bowlers",,,,,,
,,,,,,,,,,,,,,,,,,,,,,,,,,,,,,"Wait_5000ms",,,,,,
,,,,,,,,,,,,,,,,,,,,,,,,,,,,,,"TH10_Bobat_Rage2",,,,,,
,,,,,,,,,,,,,,,,,,,,,,,,,,,,,,"Wait_5000ms",,,,,,
,,,,,,,,,,,,,,,,,,,,,,,,,,,,,,"TH10_Bobat_Batwave",,,,,,
,,,,,,,,,,,,,,,,,,,,,,,,,,,,,,"Wait_5000ms",,,,,,
,,,,,,,,,,,,,,,,,,,,,,,,,,,,,,"TH10_Bobat_Freezes",,,,,,
"CHALLENGE_TH12_DRAGBAT",,,"TID_CHALLENGE_TH12_DRAGBAT",,"TUTORIAL",12,12,,,,"level/challenge_th12_dragbat.json",600000,600000,6000,,,,,"TRUE",,,,"Barbarian King",65,1,,,,,"TH12_Dragbat_BarbarianKing","TRUE","Barbarian King",65,,60000000,
,,,,,,,,,,,,,,,,,,,,,,,"Archer Queen",65,1,,,,,"Wait_1000ms",,"Archer Queen",65,,,
,,,,,,,,,,,,,,,,,,,,,,,"Grand Warden",40,1,,,,,"TH12_Dragbat_ArcherQueen",,"Grand Warden",40,,,
,,,,,,,,,,,,,,,,,,,,,,,"Dragon",7,10,,,,,"Wait_2500ms",,,,,,
,,,,,,,,,,,,,,,,,,,,,,,"Balloon",8,10,,,,,"TH12_Dragbat_Balloons1",,,,,,
,,,,,,,,,,,,,,,,,,,,,,,"Ice Golem",5,2,,,,,"Wait_1000ms",,,,,,
,,,,,,,,,,,,,,,,,,,,,,,"SpawnBats",5,9,,,,,"TH12_Dragbat_SpawnBats1",,,,,,
,,,,,,,,,,,,,,,,,,,,,,,"Freeze",7,2,,,,,"TH12_Dragbat_Wait_For_IceGolems",,,,,,
,,,,,,,,,,,,,,,,,,,,,,,"Haste",6,1,,,,,"TH12_Dragbat_IceGolems",,,,,,
,,,,,,,,,,,,,,,,,,,,,,,"Siege Bowler Balloon",3,1,,,,,"TH12_Dragbat_Wait_For_Dragons",,,,,,
,,,,,,,,,,,,,,,,,,,,,,,"Balloon",8,8,"true",,,,"TH12_Dragbat_Balloons2",,,,,,
,,,,,,,,,,,,,,,,,,,,,,,,,,,,,,"Wait_2500ms",,,,,,
,,,,,,,,,,,,,,,,,,,,,,,,,,,,,,"TH12_Dragbat_Balloons3",,,,,,
,,,,,,,,,,,,,,,,,,,,,,,,,,,,,,"Wait_2500ms",,,,,,
,,,,,,,,,,,,,,,,,,,,,,,,,,,,,,"TH12_Dragbat_Balloons4",,,,,,
,,,,,,,,,,,,,,,,,,,,,,,,,,,,,,"Wait_2500ms",,,,,,
,,,,,,,,,,,,,,,,,,,,,,,,,,,,,,"TH12_Dragbat_StoneSlammer",,,,,,
,,,,,,,,,,,,,,,,,,,,,,,,,,,,,,"Wait_2500ms",,,,,,
,,,,,,,,,,,,,,,,,,,,,,,,,,,,,,"TH12_Dragbat_Dragons",,,,,,
,,,,,,,,,,,,,,,,,,,,,,,,,,,,,,"Wait_1000ms",,,,,,
,,,,,,,,,,,,,,,,,,,,,,,,,,,,,,"TH12_Dragbat_Balloons5",,,,,,
,,,,,,,,,,,,,,,,,,,,,,,,,,,,,,"Wait_1000ms",,,,,,
,,,,,,,,,,,,,,,,,,,,,,,,,,,,,,"TH12_Dragbat_GrandWarden",,,,,,
,,,,,,,,,,,,,,,,,,,,,,,,,,,,,,"Wait_7500ms",,,,,,
,,,,,,,,,,,,,,,,,,,,,,,,,,,,,,"TH12_Dragbat_Rage",,,,,,
,,,,,,,,,,,,,,,,,,,,,,,,,,,,,,"TH12_Dragbat_Wait_For_Bats",,,,,,
,,,,,,,,,,,,,,,,,,,,,,,,,,,,,,"TH12_Dragbat_SpawnBats2",,,,,,
,,,,,,,,,,,,,,,,,,,,,,,,,,,,,,"Wait_1000ms",,,,,,
,,,,,,,,,,,,,,,,,,,,,,,,,,,,,,"TH12_Dragbat_Freeze1",,,,,,
,,,,,,,,,,,,,,,,,,,,,,,,,,,,,,"Wait_5000ms",,,,,,
,,,,,,,,,,,,,,,,,,,,,,,,,,,,,,"TH12_Dragbat_Freeze2",,,,,,
"CHALLENGE_TH12_YETI",,,"TID_CHALLENGE_TH12_YETI",,"TUTORIAL",12,12,,,,"level/challenge_th12_yeti.json",600000,600000,6000,,,,,"TRUE","AirDefenceSeeker",5,1,"Barbarian King",65,1,,,,,"TH12_Yeti_GrandWarden","TRUE","Barbarian King",65,,60000000,
,,,,,,,,,,,,,,,,,,,,"BabyDragon",6,1,"Archer Queen",65,1,,,,,"Wait_1000ms",,"Archer Queen",65,,,
,,,,,,,,,,,,,,,,,,,,,,,"Grand Warden",40,1,,,,,"TH12_Yeti_Healers",,"Grand Warden",40,,,
,,,,,,,,,,,,,,,,,,,,,,,"Healer",5,5,,,,,"Wait_5000ms",,,,,,
,,,,,,,,,,,,,,,,,,,,,,,"PEKKA",8,4,,,,,"TH12_Yeti_Info_Warden_Walk",,,,,,
,,,,,,,,,,,,,,,,,,,,,,,"Yeti",2,5,,,,,"Wait_1000ms",,,,,,
,,,,,,,,,,,,,,,,,,,,,,,"Wizard",9,5,,,,,"TH12_Yeti_Funnel_PEKKAs",,,,,,
,,,,,,,,,,,,,,,,,,,,,,,"Siege Bowler Balloon",3,1,,,,,"Wait_1000ms",,,,,,
,,,,,,,,,,,,,,,,,,,,,,,"Balloon",8,8,"true",,,,"TH12_Yeti_Funnel_Wizards",,,,,,
,,,,,,,,,,,,,,,,,,,,,,,"Earthquake",5,4,,,,,"Wait_7500ms",,,,,,
,,,,,,,,,,,,,,,,,,,,,,,"Jump",3,1,,,,,"Wait_7500ms",,,,,,
,,,,,,,,,,,,,,,,,,,,,,,"Poison",6,1,,,,,"Wait_7500ms",,,,,,
,,,,,,,,,,,,,,,,,,,,,,,"Haste",6,2,,,,,"Wait_7500ms",,,,,,
,,,,,,,,,,,,,,,,,,,,,,,"SpeedUp",5,1,,,,,"TH12_Yeti_Jump",,,,,,
,,,,,,,,,,,,,,,,,,,,,,,"Freeze",7,1,,,,,"TH12_Yeti_Wait_For_Warden",,,,,,
,,,,,,,,,,,,,,,,,,,,,,,,,,,,,,"TH12_Yeti_Yetis",,,,,,
,,,,,,,,,,,,,,,,,,,,,,,,,,,,,,"Wait_1000ms",,,,,,
,,,,,,,,,,,,,,,,,,,,,,,,,,,,,,"TH12_Yeti_PEKKAs",,,,,,
,,,,,,,,,,,,,,,,,,,,,,,,,,,,,,"Wait_1000ms",,,,,,
,,,,,,,,,,,,,,,,,,,,,,,,,,,,,,"TH12_Yeti_BarbarianKing",,,,,,
,,,,,,,,,,,,,,,,,,,,,,,,,,,,,,"Wait_1000ms",,,,,,
,,,,,,,,,,,,,,,,,,,,,,,,,,,,,,"TH12_Yeti_ArcherQueen",,,,,,
,,,,,,,,,,,,,,,,,,,,,,,,,,,,,,"Wait_2500ms",,,,,,
,,,,,,,,,,,,,,,,,,,,,,,,,,,,,,"TH12_Yeti_Rage1",,,,,,
,,,,,,,,,,,,,,,,,,,,,,,,,,,,,,"Wait_2500ms",,,,,,
,,,,,,,,,,,,,,,,,,,,,,,,,,,,,,"TH12_Yeti_Poison",,,,,,
,,,,,,,,,,,,,,,,,,,,,,,,,,,,,,"Wait_2500ms",,,,,,
,,,,,,,,,,,,,,,,,,,,,,,,,,,,,,"TH12_Yeti_Earthquakes",,,,,,
,,,,,,,,,,,,,,,,,,,,,,,,,,,,,,"Wait_2500ms",,,,,,
,,,,,,,,,,,,,,,,,,,,,,,,,,,,,,"WardenAbility",,,,,,
,,,,,,,,,,,,,,,,,,,,,,,,,,,,,,"Wait_2500ms",,,,,,
,,,,,,,,,,,,,,,,,,,,,,,,,,,,,,"TH12_Yeti_StoneSlammer",,,,,,
,,,,,,,,,,,,,,,,,,,,,,,,,,,,,,"Wait_2500ms",,,,,,
,,,,,,,,,,,,,,,,,,,,,,,,,,,,,,"TH12_Yeti_Rage2",,,,,,
,,,,,,,,,,,,,,,,,,,,,,,,,,,,,,"Wait_5000ms",,,,,,
,,,,,,,,,,,,,,,,,,,,,,,,,,,,,,"TH12_Yeti_CleanUp",,,,,,
"CHALLENGE_TH13_HYBRID",,,"TID_CHALLENGE_TH13_HYBRID",,"TUTORIAL",13,13,,,,"level/challenge_th13_hybrid.json",700000,700000,7000,,,,,"TRUE","Ice Golem",5,3,"Barbarian King",70,1,,,,,"TH13_Hybrid_Valkyries","TRUE","Barbarian King",70,,60000000,
,,,,,,,,,,,,,,,,,,,,,,,"Archer Queen",70,1,,,,,"Wait_7500ms",,"Archer Queen",70,,,
,,,,,,,,,,,,,,,,,,,,,,,"Grand Warden",50,1,,,,,"TH13_Hybrid_ArcherQueen",,"Grand Warden",50,,,
,,,,,,,,,,,,,,,,,,,,,,,"Warrior Princess",20,1,,,,,"Wait_1000ms",,"Warrior Princess",20,,,
,,,,,,,,,,,,,,,,,,,,,,,"Wall Breaker",9,4,,,,,"TH13_Hybrid_Healers",,,,,,
,,,,,,,,,,,,,,,,,,,,,,,"Healer",6,5,,,,,"Wait_1000ms",,,,,,
,,,,,,,,,,,,,,,,,,,,,,,"Electro Dragon",4,1,,,,,"TH13_Hybrid_BabyDragon",,,,,,
,,,,,,,,,,,,,,,,,,,,,,,"Boar Rider",10,10,,,,,"Wait_5000ms",,,,,,
,,,,,,,,,,,,,,,,,,,,,,,"Miner",7,11,,,,,"TH13_Hybrid_Poison",,,,,,
,,,,,,,,,,,,,,,,,,,,,,,"Warrior Girl",8,2,,,,,"Wait_7500ms",,,,,,
,,,,,,,,,,,,,,,,,,,,,,,"BabyDragon",6,1,,,,,"Wait_5000ms",,,,,,
,,,,,,,,,,,,,,,,,,,,,,,"Golem",9,1,,,,,"TH13_Hybrid_ElectroDragon",,,,,,
,,,,,,,,,,,,,,,,,,,,,,,"Siege Machine Carrier",4,1,,,,,"Wait_1000ms",,,,,,
,,,,,,,,,,,,,,,,,,,,,,,"Boar Rider",10,9,"true",,,,"TH13_Hybrid_Golem",,,,,,
,,,,,,,,,,,,,,,,,,,,,,,"Poison",7,1,,,,,"Wait_1000ms",,,,,,
,,,,,,,,,,,,,,,,,,,,,,,"Freeze",7,2,,,,,"TH13_Hybrid_SiegeBarracks",,,,,,
,,,,,,,,,,,,,,,,,,,,,,,"Haste",6,3,,,,,"Wait_1000ms",,,,,,
,,,,,,,,,,,,,,,,,,,,,,,"HealingWave",8,2,,,,,"TH13_Hybrid_BarbarianKing",,,,,,
,,,,,,,,,,,,,,,,,,,,,,,,,,,,,,"Wait_5000ms",,,,,,
,,,,,,,,,,,,,,,,,,,,,,,,,,,,,,"TH13_Hybrid_Rage1",,,,,,
,,,,,,,,,,,,,,,,,,,,,,,,,,,,,,"Wait_500ms",,,,,,
,,,,,,,,,,,,,,,,,,,,,,,,,,,,,,"TH13_Hybrid_WallBreaker",,,,,,
,,,,,,,,,,,,,,,,,,,,,,,,,,,,,,"Wait_1000ms",,,,,,
,,,,,,,,,,,,,,,,,,,,,,,,,,,,,,"TH13_Hybrid_Wait_For_Queen",,,,,,
,,,,,,,,,,,,,,,,,,,,,,,,,,,,,,"TH13_Hybrid_WallBreakers2",,,,,,
,,,,,,,,,,,,,,,,,,,,,,,,,,,,,,"Wait_1000ms",,,,,,
,,,,,,,,,,,,,,,,,,,,,,,,,,,,,,"TH13_Hybrid_Rage2",,,,,,
,,,,,,,,,,,,,,,,,,,,,,,,,,,,,,"Wait_2500ms",,,,,,
,,,,,,,,,,,,,,,,,,,,,,,,,,,,,,"TH13_Hybrid_Miners",,,,,,
,,,,,,,,,,,,,,,,,,,,,,,,,,,,,,"Wait_1000ms",,,,,,
,,,,,,,,,,,,,,,,,,,,,,,,,,,,,,"TH13_Hybrid_GrandWarden",,,,,,
,,,,,,,,,,,,,,,,,,,,,,,,,,,,,,"Wait_1000ms",,,,,,
,,,,,,,,,,,,,,,,,,,,,,,,,,,,,,"TH13_Hybrid_Hogs",,,,,,
,,,,,,,,,,,,,,,,,,,,,,,,,,,,,,"Wait_1000ms",,,,,,
,,,,,,,,,,,,,,,,,,,,,,,,,,,,,,"TH13_Hybrid_RoyalChampion",,,,,,
,,,,,,,,,,,,,,,,,,,,,,,,,,,,,,"Wait_2500ms",,,,,,
,,,,,,,,,,,,,,,,,,,,,,,,,,,,,,"TH13_Hybrid_Heal",,,,,,
,,,,,,,,,,,,,,,,,,,,,,,,,,,,,,"Wait_2500ms",,,,,,
,,,,,,,,,,,,,,,,,,,,,,,,,,,,,,"TH13_Hybrid_CleanUp",,,,,,
,,,,,,,,,,,,,,,,,,,,,,,,,,,,,,,,,,,,
,,,,,,,,,,,,,,,,,,,,,,,,,,,,,,,,,,,,
"SUPER_BARB_INTRO_TH13",,,"TID_SUPER_TROOPS_INTRO_LEVEL_TITLE",,"TROOP_INTRO",,13,,,,"level/challenge_super_troop_tryout.json",,,,,,,,"TRUE",,,,"EliteBarbarian",2,56,,,,,,"TRUE",,,,60000000,
,,,,,,,,,,,,,,,,,,,,,,,"Jump",4,3,,,,,,,,,,,
,,,,,,,,,,,,,,,,,,,,,,,"HealingWave",8,2,,,,,,,,,,,
,,,,,,,,,,,,,,,,,,,,,,,"Freeze",7,1,,,,,,,,,,,
"SUPER_GOBLIN_INTRO_TH13",,,"TID_SUPER_TROOPS_INTRO_LEVEL_TITLE",,"TROOP_INTRO",,13,,,,"level/challenge_super_troop_tryout.json",,,,,,,,"TRUE",,,,"EliteGoblin",1,93,,,,,,"TRUE",,,,60000000,
,,,,,,,,,,,,,,,,,,,,,,,"Jump",4,2,,,,,,,,,,,
,,,,,,,,,,,,,,,,,,,,,,,"Haste",6,2,,,,,,,,,,,
,,,,,,,,,,,,,,,,,,,,,,,"Duplicate",5,1,,,,,,,,,,,
"SUPER_GIANT_INTRO_TH13",,,"TID_SUPER_TROOPS_INTRO_LEVEL_TITLE",,"TROOP_INTRO",,13,,,,"level/challenge_super_troop_tryout.json",,,,,,,,"TRUE",,,,"EliteGiant",1,28,,,,,,"TRUE",,,,60000000,
,,,,,,,,,,,,,,,,,,,,,,,"Haste",6,3,,,,,,,,,,,
,,,,,,,,,,,,,,,,,,,,,,,"HealingWave",8,2,,,,,,,,,,,
,,,,,,,,,,,,,,,,,,,,,,,"Freeze",7,1,,,,,,,,,,,
"SUPER_WALLBREAKER_INTRO_TH13",,,"TID_SUPER_TROOPS_INTRO_LEVEL_TITLE",,"TROOP_INTRO",,13,,,,"level/challenge_super_troop_tryout.json",,,,,,,,"TRUE",,,,"EliteWallBreaker",3,35,,,,,,"TRUE",,,,60000000,
,,,,,,,,,,,,,,,,,,,,,,,"Haste",6,5,,,,,,,,,,,
,,,,,,,,,,,,,,,,,,,,,,,"Freeze",7,1,,,,,,,,,,,
"SUPER_ARCHER_INTRO_TH13",,,"TID_SUPER_TROOPS_INTRO_LEVEL_TITLE",,"TROOP_INTRO",,13,,,,"level/challenge_super_troop_tryout.json",,,,,,,,"TRUE",,,,"EliteArcher",2,23,,,,,,"TRUE",,,,60000000,
,,,,,,,,,,,,,,,,,,,,,,,"Haste",6,5,,,,,,,,,,,
,,,,,,,,,,,,,,,,,,,,,,,"Freeze",7,1,,,,,,,,,,,
"SUPER_DRAGON_INTRO_TH13",,,"TID_SUPER_TROOPS_INTRO_LEVEL_TITLE",,"TROOP_INTRO",,13,,,,"level/challenge_super_troop_tryout.json",,,,,,,,"TRUE",,,,"InfernoDragon",1,18,,,,,,"TRUE",,,,60000000,
,,,,,,,,,,,,,,,,,,,,,,,"Haste",6,5,,,,,,,,,,,
,,,,,,,,,,,,,,,,,,,,,,,"Freeze",7,1,,,,,,,,,,,
"SUPER_VALKYRIE_INTRO_TH13",,,"TID_SUPER_TROOPS_INTRO_LEVEL_TITLE",,"TROOP_INTRO",,13,,,,"level/challenge_super_troop_tryout.json",,,,,,,,"TRUE",,,,"EliteValkyrie",2,14,,,,,,"TRUE",,,,60000000,
,,,,,,,,,,,,,,,,,,,,,,,"HealingWave",8,2,,,,,,,,,,,
,,,,,,,,,,,,,,,,,,,,,,,"Freeze",7,1,,,,,,,,,,,
"SUPER_WITCH_INTRO_TH13",,,"TID_SUPER_TROOPS_INTRO_LEVEL_TITLE",,"TROOP_INTRO",,13,,,,"level/challenge_super_troop_tryout.json",,,,,,,,"TRUE",,,,"Head Witch",1,7,,,,,,"TRUE",,,,60000000,
,,,,,,,,,,,,,,,,,,,,,,,"Haste",6,3,,,,,,,,,,,
,,,,,,,,,,,,,,,,,,,,,,,"Jump",4,2,,,,,,,,,,,
,,,,,,,,,,,,,,,,,,,,,,,"Freeze",7,1,,,,,,,,,,,
"SUPER_MINION_INTRO_TH13",,,"TID_SUPER_TROOPS_INTRO_LEVEL_TITLE",,"TROOP_INTRO",,13,,,,"level/challenge_super_troop_tryout.json",,,,,,,,"TRUE",,,,"Super Minion",2,23,,,,,,"TRUE",,,,60000000,
,,,,,,,,,,,,,,,,,,,,,,,"HealingWave",8,2,,,,,,,,,,,
,,,,,,,,,,,,,,,,,,,,,,,"Haste",6,2,,,,,,,,,,,
,,,,,,,,,,,,,,,,,,,,,,,"Freeze",7,2,,,,,,,,,,,
"SUPER_WIZARD_INTRO_TH13",,,"TID_SUPER_TROOPS_INTRO_LEVEL_TITLE",,"TROOP_INTRO",,13,,,,"level/challenge_super_troop_tryout.json",,,,,,,,"TRUE",,,,"Super Wizard",2,30,,,,,,"TRUE",,,,60000000,
,,,,,,,,,,,,,,,,,,,,,,,"HealingWave",8,2,,,,,,,,,,,
,,,,,,,,,,,,,,,,,,,,,,,"Haste",6,2,,,,,,,,,,,
,,,,,,,,,,,,,,,,,,,,,,,"Freeze",7,2,,,,,,,,,,,
"SUPER_LAVAHOUND_INTRO_TH13",,,"TID_SUPER_TROOPS_INTRO_LEVEL_TITLE",,"TROOP_INTRO",,13,,,,"level/challenge_super_troop_tryout.json",,,,,,,,"TRUE",,,,"Ice Hound",2,4,,,,,,"TRUE",,,,60000000,
,,,,,,,,,,,,,,,,,,,,,,,"Balloon",9,25,,,,,,,,,,,
,,,,,,,,,,,,,,,,,,,,,,,"HealingWave",8,2,,,,,,,,,,,
,,,,,,,,,,,,,,,,,,,,,,,"Haste",6,2,,,,,,,,,,,
,,,,,,,,,,,,,,,,,,,,,,,"Freeze",7,2,,,,,,,,,,,
"CHALLENGE_HEROIC_DUELS",,,,,"CHALLENGE",,,,,,"level/challenge_heroic_duels.json",500000,500000,5000,,,,,"TRUE","Healer",6,10,"Barbarian King",75,1,,,,,,,"Barbarian King",75,52000001,60000003,
,,,,,,,,,,,,,,,,,,,,"EliteValkyrie",2,2,"Archer Queen",75,1,,,,,,,"Archer Queen",75,52000012,,
,,,,,,,,,,,,,,,,,,,,,,,"Grand Warden",50,1,,,,,,,"Grand Warden",50,52000023,,
,,,,,,,,,,,,,,,,,,,,,,,"Warrior Princess",25,1,,,,,,,"Warrior Princess",25,,,
,,,,,,,,,,,,,,,,,,,,,,,"Healer",6,5,,,,,,,,,,,
,,,,,,,,,,,,,,,,,,,,,,,"Balloon",9,2,,,,,,,,,,,
,,,,,,,,,,,,,,,,,,,,,,,"Headhunter",3,2,,,,,,,,,,,
,,,,,,,,,,,,,,,,,,,,,,,"Haste",6,5,,,,,,,,,,,
,,,,,,,,,,,,,,,,,,,,,,,"Freeze",7,5,,,,,,,,,,,
,,,,,,,,,,,,,,,,,,,,,,,"Poison",7,1,,,,,,,,,,,
,,,,,,,,,,,,,,,,,,,,,,,"LighningStorm",9,2,,,,,,,,,,,
,,,,,,,,,,,,,,,,,,,,,,,"Invisibility",4,3,,,,,,,,,,,
"CHALLENGE_EPIC_WINTER",,,,,"CHALLENGE",,,,,,"level/challenge_epic_winter.json",1000000,1000000,10000,,,,,"TRUE",,,,"Barbarian King",75,1,,,,,,"TRUE","Barbarian King",75,52000006,60000006,
,,,,,,,,,,,,,,,,,,,,,,,"Archer Queen",75,1,,,,,,,"Archer Queen",75,52000015,,
,,,,,,,,,,,,,,,,,,,,,,,"Grand Warden",50,1,,,,,,,"Warrior Princess",25,52000029,,
,,,,,,,,,,,,,,,,,,,,,,,"Warrior Princess",25,1,,,,,,,,,,,
,,,,,,,,,,,,,,,,,,,,,,,"Ice Wizard_xmas",10,20,,,,,,,,,,,
,,,,,,,,,,,,,,,,,,,,,,,"Ice Golem",5,4,,,,,,,,,,,
,,,,,,,,,,,,,,,,,,,,,,,"Ice Hound",2,2,,,,,,,,,,,
,,,,,,,,,,,,,,,,,,,,,,,"xmas2013",1,5,,,,,,,,,,,
,,,,,,,,,,,,,,,,,,,,,,,"Freeze",7,5,,,,,,,,,,,
"CHALLENGE_LNY_2021",,,,,"CHALLENGE",,,,,,"level/challenge_lny_2021.json",2000000,0,0,,,,,"TRUE","GoblinDragon",1,1,"Barbarian King",75,1,,,,,,"TRUE","Barbarian King",75,52000045,60000007,
,,,,,,,,,,,,,,,,,,,,"Electro Dragon",4,1,"Archer Queen",75,1,,,,,,,"Archer Queen",75,52000016,,
,,,,,,,,,,,,,,,,,,,,"Dragon",8,1,"Grand Warden",50,1,,,,,,,,,,,
,,,,,,,,,,,,,,,,,,,,"BabyDragon",7,1,"Warrior Princess",25,1,,,,,,,,,,,
,,,,,,,,,,,,,,,,,,,,"SpellBat",1,10,"Healer",6,5,,,,,,,,,,,
,,,,,,,,,,,,,,,,,,,,,,,"Balloon",9,5,,,,,,,,,,,
,,,,,,,,,,,,,,,,,,,,,,,"Invisibility",4,4,,,,,,,,,,,
,,,,,,,,,,,,,,,,,,,,,,,"Haste",6,3,,,,,,,,,,,
,,,,,,,,,,,,,,,,,,,,,,,"Freeze",7,4,,,,,,,,,,,
,,,,,,,,,,,,,,,,,,,,,,,"Goblin",8,6,,,,,,,,,,,
,,,,,,,,,,,,,,,,,,,,,,,"Boar Rider",10,5,,,,,,,,,,,
"CHALLENGE_EPIC_JUNGLE",,,,,"CHALLENGE",,,,,,"level/challenge_epic_jungle.json",1400000,700000,7000,,,,,"TRUE","ShieldedSkeleton",1,10,"Barbarian King",80,1,,"Unipony",10,,,"TRUE","Barbarian King",80,52000046,60000009,300
,,,,,,,,,,,,,,,,,,,,,,,"Archer Queen",80,1,,"Electrowl",10,,,,"Archer Queen",80,52000057,,
,,,,,,,,,,,,,,,,,,,,,,,"Grand Warden",55,1,,"Barky",10,,,,"Grand Warden",55,,,
,,,,,,,,,,,,,,,,,,,,,,,"Warrior Princess",30,1,,"Bulldozer",10,52000031,,,"Warrior Princess",30,52000030,,
,,,,,,,,,,,,,,,,,,,,,,,"Barbarian",10,10,,,,,,,,,,,
,,,,,,,,,,,,,,,,,,,,,,,"Archer",10,10,,,,,,,,,,,
,,,,,,,,,,,,,,,,,,,,,,,"Wall Breaker",10,9,,,,,,,,,,,
,,,,,,,,,,,,,,,,,,,,,,,"Healer",7,2,,,,,,,,,,,
,,,,,,,,,,,,,,,,,,,,,,,"Gargoyle",10,5,,,,,,,,,,,
,,,,,,,,,,,,,,,,,,,,,,,"Warrior Girl",9,2,,,,,,,,,,,
,,,,,,,,,,,,,,,,,,,,,,,"BabyDragon",8,1,,,,,,,,,,,
,,,,,,,,,,,,,,,,,,,,,,,"Ice Golem",6,1,,,,,,,,,,,
,,,,,,,,,,,,,,,,,,,,,,,"Poison",8,1,,,,,,,,,,,
,,,,,,,,,,,,,,,,,,,,,,,"Duplicate",7,2,,,,,,,,,,,
"CHALLENGE_MASTER_BUILDER",,,,,"CHALLENGE",,,,,,"level/challenge_master_builder.json",1400000,700000,7000,,,,,"TRUE","ShieldedSkeleton",1,10,"Barbarian King",80,1,,"Unipony",10,,,"TRUE","Barbarian King",80,52000046,60000001,300
,,,,,,,,,,,,,,,,,,,,,,,"Archer Queen",80,1,,"Electrowl",10,,,,"Archer Queen",80,52000057,,
,,,,,,,,,,,,,,,,,,,,,,,"Grand Warden",55,1,,"Barky",10,,,,"Grand Warden",55,,,
,,,,,,,,,,,,,,,,,,,,,,,"Warrior Princess",30,1,,"Bulldozer",10,52000031,,,"Warrior Princess",30,52000030,,
,,,,,,,,,,,,,,,,,,,,,,,"Barbarian",10,10,,,,,,,,,,,
,,,,,,,,,,,,,,,,,,,,,,,"Archer",10,10,,,,,,,,,,,
,,,,,,,,,,,,,,,,,,,,,,,"Wall Breaker",10,9,,,,,,,,,,,
,,,,,,,,,,,,,,,,,,,,,,,"Healer",7,2,,,,,,,,,,,
,,,,,,,,,,,,,,,,,,,,,,,"Gargoyle",10,5,,,,,,,,,,,
,,,,,,,,,,,,,,,,,,,,,,,"Warrior Girl",9,2,,,,,,,,,,,
,,,,,,,,,,,,,,,,,,,,,,,"BabyDragon",8,1,,,,,,,,,,,
,,,,,,,,,,,,,,,,,,,,,,,"Ice Golem",6,1,,,,,,,,,,,
,,,,,,,,,,,,,,,,,,,,,,,"Poison",8,1,,,,,,,,,,,
,,,,,,,,,,,,,,,,,,,,,,,"Duplicate",7,2,,,,,,,,,,,
"CHALLENGE_EPIC_WAR",,,,,"CHALLENGE",,,,,,"level/challenge_epic_war.json",900000,900000,6000,,,"Clash Team",1526736218,"TRUE","Giant PEKKA",1,1,"Barbarian King",80,1,,"Electrowl",10,52000047,,"TRUE","Barbarian King",80,52000004,60000010,180
,,,,,,,,,,,,,,,,,,,,,,,"Archer Queen",80,1,,"Barky",10,52000058,,,"Archer Queen",80,52000058,,
,,,,,,,,,,,,,,,,,,,,,,,"Grand Warden",55,1,,"Bulldozer",10,52000026,,,"Grand Warden",55,52000026,,
,,,,,,,,,,,,,,,,,,,,,,,"Warrior Princess",30,1,,"Unipony",10,52000031,,,"Warrior Princess",30,52000031,,
,,,,,,,,,,,,,,,,,,,,,,,"Dragon Rider",3,3,,,,,,,,,,,
,,,,,,,,,,,,,,,,,,,,,,,"HastyBalloon",3,5,,,,,,,,,,,
,,,,,,,,,,,,,,,,,,,,,,,"Balloon",10,5,,,,,,,,,,,
,,,,,,,,,,,,,,,,,,,,,,,"Dragon",9,2,,,,,,,,,,,
,,,,,,,,,,,,,,,,,,,,,,,"Electro Dragon",5,2,,,,,,,,,,,
,,,,,,,,,,,,,,,,,,,,,,,"HealingWave",8,1,,,,,,,,,,,
,,,,,,,,,,,,,,,,,,,,,,,"Haste",6,2,,,,,,,,,,,
,,,,,,,,,,,,,,,,,,,,,,,"Jump",4,1,,,,,,,,,,,
"SUPER_BALLOON_INTRO_TH13",,,"TID_SUPER_TROOPS_INTRO_LEVEL_TITLE",,"TROOP_INTRO",,13,,,,"level/challenge_super_troop_tryout.json",,,,,,,,"TRUE",,,,"HastyBalloon",2,37,,,,,,"TRUE",,,,60000000,
,,,,,,,,,,,,,,,,,,,,,,,"Freeze",7,3,,,,,,,,,,,
,,,,,,,,,,,,,,,,,,,,,,,"Invisibility",4,3,,,,,,,,,,,
"CHALLENGE_ANNIVERSARY_2021",,,,,"CHALLENGE",,,,,,"level/challenge_anniversary_2021.json",999000,999000,9990,,,"Clash Team",1526736218,"TRUE","Party_Wizard",10,20,"Barbarian King",80,1,,"Barky",10,52000049,,"TRUE","Barbarian King",80,52000009,60000011,300
,,,,,,,,,,,,,,,,,,,,"Headhunter",3,1,"Archer Queen",80,1,,"Bulldozer",10,52000059,,,"Archer Queen",80,52000059,,
,,,,,,,,,,,,,,,,,,,,,,,"Grand Warden",55,1,,"Unipony",10,52000020,,,"Grand Warden",55,52000020,,
,,,,,,,,,,,,,,,,,,,,,,,"Warrior Princess",30,1,,"Electrowl",10,,,,"Warrior Princess",30,,,
,,,,,,,,,,,,,,,,,,,,,,,"Party_Wizard",10,14,,,,,,,,,,,
,,,,,,,,,,,,,,,,,,,,,,,"Wizard",10,14,,,,,,,,,,,
,,,,,,,,,,,,,,,,,,,,,,,"Super Wizard",2,5,,,,,,,,,,,
,,,,,,,,,,,,,,,,,,,,,,,"Invisibility",4,3,,,,,,,,,,,
,,,,,,,,,,,,,,,,,,,,,,,"HealingWave",8,3,,,,,,,,,,,
,,,,,,,,,,,,,,,,,,,,,,,"Freeze",7,3,,,,,,,,,,,
,,,,,,,,,,,,,,,,,,,,,,,"SpeedUp",5,3,,,,,,,,,,,
"CHALLENGE_JUNE_QUALIFIER_2021",,,,,"CHALLENGE",,,,,,"level/challenge_june_qualifier_2021.json",1000000,1000000,10000,,"eVe Karlito","Team Elevate",1526745178,"TRUE","AirDefenceSeeker",6,1,"HastyBalloon",3,2,,,,,,"TRUE","Barbarian King",80,52000007,60000002,180
,,,,,,,,,,,,,,,,,,,,"Headhunter",3,2,"Archer",10,1,,,,,,,"Archer Queen",80,52000013,,
,,,,,,,,,,,,,,,,,,,,"Archer",10,3,"Headhunter",3,2,,,,,,,"Grand Warden",55,52000020,,
,,,,,,,,,,,,,,,,,,,,,,,"EliteWallBreaker",4,3,,,,,,,"Warrior Princess",30,52000030,,
,,,,,,,,,,,,,,,,,,,,,,,"Balloon",10,4,,,,,,,,,,,
,,,,,,,,,,,,,,,,,,,,,,,"BabyDragon",8,1,,,,,,,,,,,
,,,,,,,,,,,,,,,,,,,,,,,"Gargoyle",10,9,,,,,,,,,,,
,,,,,,,,,,,,,,,,,,,,,,,"Healer",7,5,,,,,,,,,,,
,,,,,,,,,,,,,,,,,,,,,,,"Wizard",10,1,,,,,,,,,,,
,,,,,,,,,,,,,,,,,,,,,,,"Dragon Rider",3,5,,,,,,,,,,,
,,,,,,,,,,,,,,,,,,,,,,,"Barbarian King",80,1,,"Bulldozer",5,52000000,,,,,,,
,,,,,,,,,,,,,,,,,,,,,,,"Archer Queen",80,1,,"Unipony",6,52000002,,,,,,,
,,,,,,,,,,,,,,,,,,,,,,,"Grand Warden",55,1,,"Electrowl",5,52000003,,,,,,,
,,,,,,,,,,,,,,,,,,,,,,,"Warrior Princess",30,1,,"Barky",5,52000028,,,,,,,
,,,,,,,,,,,,,,,,,,,,,,,"EliteGoblin",2,9,"TRUE",,,,,,,,,,
,,,,,,,,,,,,,,,,,,,,,,,"Goblin",8,18,"TRUE",,,,,,,,,,
,,,,,,,,,,,,,,,,,,,,,,,"Siege Machine Ram",4,1,,,,,,,,,,,
,,,,,,,,,,,,,,,,,,,,,,,"Invisibility",4,1,,,,,,,,,,,
,,,,,,,,,,,,,,,,,,,,,,,"Poison",8,1,,,,,,,,,,,
,,,,,,,,,,,,,,,,,,,,,,,"Freeze",7,4,,,,,,,,,,,
,,,,,,,,,,,,,,,,,,,,,,,"Haste",6,4,,,,,,,,,,,
"CHALLENGE_JULY_QUALIFIER_2021",,,,,"CHALLENGE",,,,,,"level/challenge_july_qualifier_2021.json",1000000,1000000,10000,,"ANoNym0us","Carnage Gaming",1526743384,"TRUE","AirDefenceSeeker",6,1,"AirDefenceSeeker",6,1,,,,,,"TRUE","Barbarian King",80,52000048,60000002,180
,,,,,,,,,,,,,,,,,,,,"Headhunter",3,2,"Ice Golem",6,2,,,,,,,"Archer Queen",80,52000019,,
,,,,,,,,,,,,,,,,,,,,"Archer",10,3,"Archer",10,2,,,,,,,"Grand Warden",55,52000025,,
,,,,,,,,,,,,,,,,,,,,,,,"Headhunter",3,3,,,,,,,"Warrior Princess",30,52000030,,
,,,,,,,,,,,,,,,,,,,,,,,"EliteWallBreaker",4,2,,,,,,,,,,,
,,,,,,,,,,,,,,,,,,,,,,,"Balloon",10,6,,,,,,,,,,,
,,,,,,,,,,,,,,,,,,,,,,,"BabyDragon",8,1,,,,,,,,,,,
,,,,,,,,,,,,,,,,,,,,,,,"Gargoyle",10,11,,,,,,,,,,,
,,,,,,,,,,,,,,,,,,,,,,,"EliteGoblin",2,3,,,,,,,,,,,
,,,,,,,,,,,,,,,,,,,,,,,"Wizard",10,2,,,,,,,,,,,
,,,,,,,,,,,,,,,,,,,,,,,"Dragon Rider",3,5,,,,,,,,,,,
,,,,,,,,,,,,,,,,,,,,,,,"Barbarian King",80,1,,"Bulldozer",10,52000010,,,,,,,
,,,,,,,,,,,,,,,,,,,,,,,"Archer Queen",80,1,,"Unipony",10,52000015,,,,,,,
,,,,,,,,,,,,,,,,,,,,,,,"Grand Warden",55,1,,"Electrowl",10,52000023,,,,,,,
,,,,,,,,,,,,,,,,,,,,,,,"Warrior Princess",30,1,,"Barky",10,52000030,,,,,,,
,,,,,,,,,,,,,,,,,,,,,,,"Archer",10,5,"TRUE",,,,,,,,,,
,,,,,,,,,,,,,,,,,,,,,,,"Siege Machine Flyer",4,1,,,,,,,,,,,
,,,,,,,,,,,,,,,,,,,,,,,"Super Wizard",2,4,"TRUE",,,,,,,,,,
,,,,,,,,,,,,,,,,,,,,,,,"Invisibility",4,5,,,,,,,,,,,
,,,,,,,,,,,,,,,,,,,,,,,"Duplicate",7,1,,,,,,,,,,,
,,,,,,,,,,,,,,,,,,,,,,,"Poison",8,1,,,,,,,,,,,
,,,,,,,,,,,,,,,,,,,,,,,"Freeze",7,3,,,,,,,,,,,
,,,,,,,,,,,,,,,,,,,,,,,"Haste",6,1,,,,,,,,,,,
"CHALLENGE_AUGUST_QUALIFIER_2021",,,,,"CHALLENGE",,,,,,"level/challenge_august_qualifier_2021.json",1000000,1000000,10000,,"N.Y shuai","N.Y Amazing",1526730841,"TRUE","Archer",10,5,"Ice Golem",6,1,,,,,,"TRUE","Barbarian King",80,52000009,60000010,180
,,,,,,,,,,,,,,,,,,,,"Super Minion",3,2,"Party_Wizard",10,3,,,,,,,"Archer Queen",80,52000059,,
,,,,,,,,,,,,,,,,,,,,"HastyBalloon",3,2,"Archer",10,1,,,,,,,"Grand Warden",55,52000020,,
,,,,,,,,,,,,,,,,,,,,,,,"Super Wizard",2,4,,,,,,,"Warrior Princess",30,52000030,,
,,,,,,,,,,,,,,,,,,,,,,,"Headhunter",3,1,,,,,,,,,,,
,,,,,,,,,,,,,,,,,,,,,,,"EliteWallBreaker",4,2,,,,,,,,,,,
,,,,,,,,,,,,,,,,,,,,,,,"Balloon",10,5,,,,,,,,,,,
,,,,,,,,,,,,,,,,,,,,,,,"Gargoyle",10,2,,,,,,,,,,,
,,,,,,,,,,,,,,,,,,,,,,,"PEKKA",9,3,,,,,,,,,,,
,,,,,,,,,,,,,,,,,,,,,,,"Healer",7,5,,,,,,,,,,,
,,,,,,,,,,,,,,,,,,,,,,,"Warlock",5,3,,,,,,,,,,,
,,,,,,,,,,,,,,,,,,,,,,,"Barbarian King",80,1,,"Bulldozer",10,52000049,,,,,,,
,,,,,,,,,,,,,,,,,,,,,,,"Archer Queen",80,1,,"Unipony",10,52000059,,,,,,,
,,,,,,,,,,,,,,,,,,,,,,,"Grand Warden",55,1,,"Electrowl",10,52000026,,,,,,,
,,,,,,,,,,,,,,,,,,,,,,,"Warrior Princess",30,1,,"Barky",10,52000030,,,,,,,
,,,,,,,,,,,,,,,,,,,,,,,"Yeti",3,2,"TRUE",,,,,,,,,,
,,,,,,,,,,,,,,,,,,,,,,,"Wizard",10,1,"TRUE",,,,,,,,,,
,,,,,,,,,,,,,,,,,,,,,,,"Balloon",10,1,"TRUE",,,,,,,,,,
,,,,,,,,,,,,,,,,,,,,,,,"Poison",8,1,,,,,,,,,,,
,,,,,,,,,,,,,,,,,,,,,,,"Jump",4,1,,,,,,,,,,,
,,,,,,,,,,,,,,,,,,,,,,,"Freeze",7,3,,,,,,,,,,,
,,,,,,,,,,,,,,,,,,,,,,,"Haste",6,4,,,,,,,,,,,
,,,,,,,,,,,,,,,,,,,,,,,"Siege Log Launcher",4,1,,,,,,,,,,,
"SUPER_BOWLER_INTRO_TH13",,,"TID_SUPER_TROOPS_INTRO_LEVEL_TITLE",,"TROOP_INTRO",,13,,,,"level/challenge_super_troop_tryout.json",,,,,,,,"TRUE",,,,"Super Bowler",2,10,,,,,,"TRUE",,,,60000000,
,,,,,,,,,,,,,,,,,,,,,,,"HealingWave",8,2,,,,,,,,,,,
,,,,,,,,,,,,,,,,,,,,,,,"Haste",6,2,,,,,,,,,,,
,,,,,,,,,,,,,,,,,,,,,,,"Freeze",7,2,,,,,,,,,,,
"CHALLENGE_HALLOWEEN_2021",,,,,"CHALLENGE",,,,,,"level/challenge_halloween_2021.json",1000000,500000,20000,,,"Clash Team",1526736218,"TRUE","Head Witch",1,4,"Barbarian King",80,1,,"Electrowl",10,52000005,,"TRUE","Barbarian King",80,52000005,60000012,300
,,,,,,,,,,,,,,,,,,,,"Warlock",5,1,"Archer Queen",80,1,,"Barky",10,52000014,,,"Archer Queen",80,52000014,,
,,,,,,,,,,,,,,,,,,,,"SpellBat",1,10,"Grand Warden",55,1,,"Bulldozer",10,52000069,,,"Grand Warden",55,52000025,,
,,,,,,,,,,,,,,,,,,,,,,,"Warrior Princess",30,1,,"Unipony",10,52000032,,,"Warrior Princess",30,52000030,,
,,,,,,,,,,,,,,,,,,,,,,,"Pumpkin Barbarian Armored",7,40,,,,,,,,,,,
,,,,,,,,,,,,,,,,,,,,,,,"Warrior Girl",9,3,,,,,,,,,,,
,,,,,,,,,,,,,,,,,,,,,,,"Super Bowler",3,1,,,,,,,,,,,
,,,,,,,,,,,,,,,,,,,,,,,"Invisibility",4,2,,,,,,,,,,,
,,,,,,,,,,,,,,,,,,,,,,,"HealingWave",8,1,,,,,,,,,,,
