"Name","Character","IsDefaultSkin","EnabledByCalendar","PurchasePrice","PurchaseUnlock","TID","Icon","Geometry","Texture","NormalMap","MaterialMap","EmissionMap","OpacityMap","Animation","AltAnimation","CameraDistance","ViewportWidth","ViewportHeight","CelebrateSfx","CelebrateSfxVolume","DeployEffect","AttackEffect","AttackEffect2","AttackEffectAlt","AttackEffect2Alt","HitEffect","DieEffect","AbilityTriggerEffect","SkinChangeEffect","ParticleEffect3D","GunBone","ProjectileVis","RageProjectileVis","AbilityProjectileVis","SpawnedTroopAnimation","Environment","MakeCreator","ShadowScale","Tier","ThemeIcon","ThemeTID","FeatureCustomModel","FeatureCustomTextures","FeatureCustomAnimations","FeatureCustomEffects","FeatureCustomSounds","FeatureCustomVoiceovers","FeatureCustomUnits","FeatureExtraAnimations","FeatureExtraEffects","FeatureExtraSounds"
"String","String","boolean","boolean","int","String","String","String","String","String","String","String","String","String","String","String","int","int","int","String","int","String","String","String","String","String","String","String","String","String","String","String","String","String","String","String","String","String","int","String","String","String","boolean","boolean","boolean","boolean","boolean","boolean","boolean","boolean","boolean","boolean"
"BarbarianKingDefault","Barbarian King","true","false",0,,"TID_BARBARIAN_KING","image/skin_icons/bk_original.png","sc3d/barbking_default_geo.glb","sc3d/barbking_default2_01.pvr","sc3d/barbking_default2_01_normal.pvr","sc3d/barbking_default2_01_material.pvr",,,"BarbarianKingDefault2",,10000,225,225,"sfx/barbarian_king_scream_01.ogg",80,"Barbarian King Deploy","Barbarian King Attack",,,,,"Barbarian King Die","King Ability Effect",,,,,,,,"New",,,"DEFAULT",,,"false","false","false","false","false","false","false","false","false","false"
,,,,,,,,,,,,,,,,,,,"sfx/barbarian_king_deploy.ogg",90,,,,,,,,,,,,,,,,,,,,,,,,,,,,,,,
"BarbarianKingGladiator","Barbarian King","false","false",1500,"20120812T0800","TID_BARBARIAN_KING_GLADIATOR","image/skin_icons/bk_gladiator_dl_opt.png","sc3d/barbking_gladiator_geo_dl_opt.scw","sc3d/barbking_gladiator_01_dl_opt.pvr",,"sc3d/barbking_gladiator_01_material_dl_opt.pvr",,,"BarbarianKingGladiatorSkin",,10000,225,225,"sfx/gladiatorking_celebrate_vo_01_dl_opt.ogg",80,"Gladiator King Deploy","Barbarian King Attack",,,,,"Gladiator King Die","King Ability Effect",,,,,,,,,,,"GOLD",,,"true","true","false","false","false","true","false","false","false","false"
"ArcherQueenDefault","Archer Queen","true","false",0,,"TID_ARCHER_QUEEN","image/skin_icons/aq_original.png","sc3d/archerqueen_default_geo.scw","sc3d/archerqueen_default_01.pvr",,"sc3d/archerqueen_default_01_material.pvr",,,"ArcherQueenDefaultSkin",,10000,225,225,"sfx/archer_queen_scream_01.ogg",90,"Archer Queen Deploy","ArcherQueen Attack",,,,,"Archer Queen Die","Queen Ability Effect",,,,,,,,,,,"DEFAULT",,,"false","false","false","false","false","false","false","false","false","false"
,,,,,,,,,,,,,,,,,,,"sfx/archer_queen_deploy_01.ogg",90,,,,,,,,,,,,,,,,,,,,,,,,,,,,,,,
"GrandWardenDefault","Grand Warden","true","false",0,,"TID_GRAND_WARDEN","image/skin_icons/gw_original.png","sc3d/grandwarden_default_geo.scw","sc3d/grandwarden_default_01.pvr",,"sc3d/grandwarden_default_01_material.pvr","sc3d/grandwarden_default_01_emission.pvr",,"GrandWardenDefaultSkin","GrandWardenFlyDefaultSkin",10000,225,225,"sfx/tap_grand_warden_04.ogg",90,"Grand Warden Deploy","GrandWarden Attack",,"GrandWarden Attack Air",,,"Grand Warden Die",,,,"L_gunbone_01_s",,,,,,,,"DEFAULT",,,"false","false","false","false","false","false","false","false","false","false"
"PekkaKing","Barbarian King","false","false",1500,"20120812T0800","TID_BARBARIAN_KING_PEKKA","image/skin_icons/bk_pekka_dl_opt.png","sc3d/barbking_pekkabk_geo_dl_opt.scw","sc3d/barbking_pekkabk_01_dl_opt.pvr",,"sc3d/barbking_pekka_01_material_dl_opt.pvr","sc3d/barbking_pekka_01_emission_dl_opt.pvr",,"BarbarianKingPekkaSkin",,10000,225,225,"sfx/gladiatorking_celebrate_vo_01_dl_opt.ogg",80,"Gladiator King Deploy","Barbarian King Attack",,,,,"Gladiator King Die","King Ability Effect","Pekka Spawn Effect","pekka_sword",,,,,,,,,"GOLD",,,"true","true","false","true","false","true","false","false","false","false"
"SkeletonKing","Barbarian King","false","false",1500,"20120812T0800","TID_SKELETON_KING","image/skin_icons/bk_skeleton_dl_opt.png","sc3d/barbking_skeleton_geo_dl_opt.scw","sc3d/barbking_skeleton_01_dl_opt.pvr","sc3d/barbking_skeleton_01_normal_dl_opt.pvr","sc3d/barbking_skeleton_01_material_dl_opt.pvr",,,"BarbarianKingSkeletonSkin",,10000,225,225,,,"Barbarian King Deploy","Barbarian King Attack",,,,,"Barbarian King Die","King Ability Effect","Skeleton Spawn Effect","skeleton_Glow",,,,,,,,,"GOLD",,,"true","true","true","true","false","false","false","false","false","false"
"JollyKing","Barbarian King","false","false",1500,"20120812T0800","TID_JOLLY_KING","image/skin_icons/bk_jolly_dl_opt.png","sc3d/barbking_santa_geo_dl_opt.scw","sc3d/barbking_jolly_01_dl_opt.pvr","sc3d/barbking_jolly_01_normal_dl_opt.pvr","sc3d/barbking_jolly_01_material_dl_opt.pvr",,,"BarbarianKingJollySkin",,10000,225,225,,,"Jolly King Deploy","Barbarian King Attack",,,,,"Jolly King Die","King Ability Effect",,"jolly_sword",,,,,,,,,"GOLD",,,"true","true","true","true","true","true","false","false","false","false"
"PrimalKing","Barbarian King","false","false",1500,"20120812T0800","TID_PRIMAL_KING","image/skin_icons/bk_primal_dl_opt.png","sc3d/barbking_primal_geo_dl_opt.scw","sc3d/barbking_primal_01_dl_opt.pvr","sc3d/barbking_primal_01_normal_dl_opt.pvr","sc3d/barbking_primal_01_material_dl_opt.pvr",,,"BarbarianKingPrimalSkin",,10000,225,225,"sfx/barbarian_king_scream_01.ogg",80,"Primal King Deploy","Barbarian King Attack",,,,,"Barbarian King Die","King Ability Effect",,,,,,,,,,,"GOLD",,,"true","true","true","true","false","false","false","false","false","false"
"ClockworkKing","Barbarian King","false","false",1500,"20210501T0800","TID_CLOCKWORK_KING","image/skin_icons/bk_clockwork_dl_opt.png","sc3d/barbking_clockwork_geo_dl_opt.scw","sc3d/barbking_clockwork_01_dl_opt.pvr","sc3d/barbking_clockwork_01_normal_dl_opt.pvr","sc3d/barbking_clockwork_01_material_dl_opt.pvr",,,"BarbarianKingClockworkSkin",,10000,225,225,"sfx/bk_wood_scream_01_dl_opt.ogg",80,"Barbarian King Deploy","Barbarian King Attack",,,,,"Barbarian King Die","King Ability Effect",,,,,,,,,,,"GOLD",,,"true","true","true","false","true","true","false","false","false","false"
"PartyKing","Barbarian King","false","false",1500,"20210801T0800","TID_PARTY_KING","image/skin_icons/bk_party_dl_opt.png","sc3d/barbking_party_geo_dl_opt.scw","sc3d/barbking_party_01_dl_opt.pvr","sc3d/barbking_party_01_normal_dl_opt.pvr","sc3d/barbking_party_01_material_dl_opt.pvr",,,"BarbarianKingPartySkin",,10000,225,225,,,"Party King Deploy","Party King Attack",,,,,"Party King Die","Party King Ability Effect",,,,,,,,,,,"GOLD","image/theme_icons/party_icon_dl_opt.png","TID_SKIN_THEME_ANNIVERSARY2020","true","true","true","false","true","true","false","false","false","false"
"ChampionKing","Barbarian King","false","false",0,,"TID_CHAMPION_KING","image/skin_icons/bk_champion_dl_opt.png","sc3d/barbking_champ_geo_dl_opt.scw","sc3d/barbking_champ_01_dl_opt.pvr",,"sc3d/barbking_champ_01_material_dl_opt.pvr",,,"BarbarianKingChampionSkin",,10000,225,225,"sfx/gladchampkingpose_01_dl_opt.ogg",80,"Champion King Spawn Effect Offset","Champion King Attack",,,,"Champion King hit","Barbarian King Die","Champion King Ability Effect","Champion King Spawn Effect",,,,,,"BarbarianChamp",,,,"LEGENDARY","image/theme_icons/champion_icon_dl_opt.png","TID_SKIN_THEME_WORLDS2020","true","true","true","true","true","true","true","false","false","false"
"PirateKing","Barbarian King","false","false",1500,"20211101T0800","TID_PIRATE_KING","image/skin_icons/bk_pirate_dl_opt.png","sc3d/barbking_pirate_geo_dl_opt.scw","sc3d/barbking_pirate_01_dl_opt.pvr",,"sc3d/barbking_pirate_01_material_dl_opt.pvr",,,"BarbarianKingPirateSkin",,10000,225,225,,,"Pirate King Deploy","Pirate King Attack",,,,,"Barbarian King Die","Pirate King Ability Effect",,,,,,,,,,,"GOLD",,,"true","true","true","false","true","true","false","false","false","false"
"GladiatorQueen","Archer Queen","false","false",1500,"20120812T0800","TID_ARCHER_QUEEN_GLADIATOR","image/skin_icons/aq_gladiator_dl_opt.png","sc3d/archerqueen_gladiator_geo_dl_opt.scw","sc3d/archerqueen_gladiator_01_dl_opt.pvr",,"sc3d/archerqueen_gladiator_01_material_dl_opt.pvr",,,"ArcherQueenGladiatorSkin",,10000,225,225,"sfx/archer_queen_scream_01.ogg",90,"Archer Queen Deploy","ArcherQueen Attack",,,,,"Archer Queen Die","Queen Ability Effect",,,,,,,,,,,"GOLD",,,"true","true","false","false","false","false","false","false","false","false"
,,,,,,,,,,,,,,,,,,,"sfx/archer_queen_deploy_01.ogg",90,,,,,,,,,,,,,,,,,,,,,,,,,,,,,,,
"ValkyrieQueen","Archer Queen","false","false",1500,"20120812T0800","TID_VALKYRIE_QUEEN","image/skin_icons/aq_valkyrie_dl_opt.png","sc3d/archerqueen_valkyrie_geo_dl_opt.scw","sc3d/archerqueen_valkyrie_01_dl_opt.pvr",,"sc3d/archerqueen_valkyrie_01_material_dl_opt.pvr",,,"ArcherQueenValkyrieSkin",,10000,225,225,"sfx/archer_queen_scream_01.ogg",90,"Archer Queen Deploy","ArcherQueen Attack",,,,,"Archer Queen Die","Queen Ability Effect",,,,,,,,,,,"GOLD",,,"true","true","false","false","false","false","false","false","false","false"
,,,,,,,,,,,,,,,,,,,"sfx/archer_queen_deploy_01.ogg",90,,,,,,,,,,,,,,,,,,,,,,,,,,,,,,,
"AutumnQueen","Archer Queen","false","false",1500,"20120812T0800","TID_AUTUMN_QUEEN","image/skin_icons/aq_autumn_dl_opt.png","sc3d/archerqueen_autumn_geo_dl_opt.scw","sc3d/archerqueen_autumn_01_dl_opt.pvr","sc3d/archerqueen_autumn_01_normal_dl_opt.pvr","sc3d/archerqueen_autumn_01_material_dl_opt.pvr",,,"ArcherQueenAutumnSkin",,10000,225,225,"sfx/archer_queen_scream_01.ogg",90,"Archer Queen Deploy","ArcherQueen Attack",,,,,"Archer Queen Die","Queen Ability Effect","Autumn Spawn Effect",,,,,,,,,,"GOLD",,,"true","true","false","true","false","false","false","false","false","false"
,,,,,,,,,,,,,,,,,,,"sfx/archer_queen_deploy_01.ogg",90,,,,,,,,,,,,,,,,,,,,,,,,,,,,,,,
"IceQueen","Archer Queen","false","false",1500,"20120812T0800","TID_ICE_QUEEN","image/skin_icons/aq_ice_dl_opt.png","sc3d/archerqueen_ice_geo_dl_opt.scw","sc3d/archerqueen_ice_01_dl_opt.pvr",,"sc3d/archerqueen_ice_01_material_dl_opt.pvr","sc3d/archerqueen_ice_01_emission_dl_opt.pvr",,"ArcherQueenIceSkin",,10000,225,225,"sfx/archer_queen_scream_01.ogg",90,"Archer Queen Deploy","ArcherQueen Attack",,,,,"Archer Queen Die","Ice Ability Effect","Ice Spawn Effect",,,,,,,,,,"GOLD",,,"true","true","true","true","false","false","false","false","false","false"
,,,,,,,,,,,,,,,,,,,"sfx/archer_queen_deploy_01.ogg",90,,,,,,,,,,,,,,,,,,,,,,,,,,,,,,,
"WarriorQueen","Archer Queen","false","false",0,,"TID_WARRIOR_QUEEN","image/skin_icons/aq_cny_01_dl_opt.png","sc3d/archerqueen_cny_geo_dl_opt.scw","sc3d/archerqueen_cny_01_dl_opt.pvr",,"sc3d/archerqueen_cny_01_material_dl_opt.pvr",,,"ArcherQueenCnySkin",,10000,225,225,"sfx/archer_queen_scream_01.ogg",90,"CNY Queen Deploy","ArcherQueen Attack",,,,,"Archer Queen Die","CNY Ability Effect",,,,"ArcherQueenCNY arrow","ArcherQueenCNY arrow rage",,,,,,"LEGENDARY","image/theme_icons/lunar_ny_icon_dl_opt.png","TID_SKIN_THEME_LNY2020","true","true","true","true","true","false","false","false","false","false"
"PrimalQueen","Archer Queen","false","false",1500,"20210301T0800","TID_PRIMAL_QUEEN","image/skin_icons/aq_primal_dl_opt.png","sc3d/archerqueen_primal_geo_dl_opt.scw","sc3d/archerqueen_primal_01_dl_opt.pvr","sc3d/archerqueen_primal_01_normal_dl_opt.pvr","sc3d/archerqueen_primal_01_material_dl_opt.pvr",,,"ArcherQueenPrimalSkin",,10000,225,225,"sfx/archer_queen_scream_01.ogg",90,"Archer Queen Deploy","ArcherQueen Attack",,,,,"Archer Queen Die","Queen Ability Effect",,,,,,,,,,,"GOLD",,,"true","true","true","false","false","false","false","false","false","false"
"ClockworkQueen","Archer Queen","false","false",1500,"20210601T0800","TID_CLOCKWORK_QUEEN","image/skin_icons/aq_clockwork_dl_opt.png","sc3d/archerqueen_clockwork_geo_dl_opt.scw","sc3d/archerqueen_clockwork_01_dl_opt.pvr","sc3d/archerqueen_clockwork_01_normal_dl_opt.pvr","sc3d/archerqueen_clockwork_01_material_dl_opt.pvr",,,"ArcherQueenClockworkSkin",,10000,225,225,"sfx/wood_queen_scream_01_dl_opt.ogg",90,"Wood Archer Queen Deploy","Wood ArcherQueen Attack",,,,,"Wood Archer Queen Die","Queen Ability Effect",,,,,,,,,,,"GOLD",,,"true","true","true","true","true","true","false","false","false","false"
"PirateQueen","Archer Queen","false","false",1500,"20210901T0800","TID_PIRATE_QUEEN","image/skin_icons/aq_pirate_dl_opt.png","sc3d/archerqueen_pirate_geo_dl_opt.scw","sc3d/archerqueen_pirate_01_dl_opt.pvr","sc3d/archerqueen_pirate_01_normal_dl_opt.pvr","sc3d/archerqueen_pirate_01_material_dl_opt.pvr",,,"ArcherQueenPirateSkin",,10000,225,225,"sfx/archer_queen_scream_01.ogg",90,"Archer Queen Deploy","ArcherQueen Attack",,,,,"Archer Queen Die","Queen Ability Effect",,,,,,,,,,,"GOLD",,,"true","true","true","false","false","false","false","false","false","false"
"PartyWarden","Grand Warden","false","false",1500,"20120812T0800","TID_PARTY_WARDEN","image/skin_icons/gw_party_dl_opt.png","sc3d/grandwarden_party_geo_dl_opt.scw","sc3d/grandwarden_party_01_dl_opt.pvr",,"sc3d/grandwarden_party_01_material_dl_opt.pvr",,,"GrandWardenPartySkin","GrandWardenFlyPartySkin",10000,225,225,"sfx/pwdeploy01_dl_opt.ogg",90,"Party Warden Deploy","Party Warden Attack",,"Party Warden Attack Air",,,"Party Warden Die",,,,"L_gunbone_01_s",,,,,,,,"GOLD","image/theme_icons/party_icon_dl_opt.png","TID_SKIN_THEME_ANNIVERSARY2019","true","true","true","false","true","true","false","false","false","false"
"PrimalWarden","Grand Warden","false","false",1500,"20120812T0800","TID_PRIMAL_WARDEN","image/skin_icons/gw_primal_dl_opt.png","sc3d/grandwarden_primal_geo_dl_opt.scw","sc3d/grandwarden_primal_01_dl_opt.pvr",,"sc3d/grandwarden_primal_01_material_dl_opt.pvr",,,"GrandWardenPrimalSkin","GrandWardenFlyPrimalSkin",10000,225,225,"sfx/tap_grand_warden_04.ogg",90,"Grand Warden Deploy","GrandWarden Attack",,"GrandWarden Attack Air",,,"Grand Warden Die",,,,"L_gunbone_01_s",,,,,,,,"GOLD",,,"true","true","false","false","false","false","false","false","false","false"
"ClockworkWarden","Grand Warden","false","false",1500,"20210401T0800","TID_CLOCKWORK_WARDEN","image/skin_icons/gw_clockwork_dl_opt.png","sc3d/grandwarden_clockwork_geo_dl_opt.scw","sc3d/grandwarden_clockwork_01_dl_opt.pvr","sc3d/grandwarden_clockwork_01_normal_dl_opt.pvr","sc3d/grandwarden_clockwork_01_material_dl_opt.pvr","sc3d/grandwarden_clockwork_01_emission_dl_opt.pvr",,"GrandWardenClockworkSkin","GrandWardenFlyClockworkSkin",10000,225,225,"sfx/wooden_warden_tap_01_dl_opt.ogg",90,"Wood Warden Deploy","ClockworkWarden Attack",,"ClockworkWarden Attack Air",,,"Wood Warden Die",,,"clockwork_glow","L_gunbone_01_s",,,,,,,,"GOLD",,,"true","true","true","true","true","true","false","false","false","false"
"GladiatorWarden","Grand Warden","false","false",1500,"20210701T0800","TID_GRAND_WARDEN_GLADIATOR","image/skin_icons/gw_gladiator_dl_opt.png","sc3d/grandwarden_gladiator_geo_dl_opt.scw","sc3d/grandwarden_gladiator_01_dl_opt.pvr","sc3d/grandwarden_gladiator_01_normal_dl_opt.pvr","sc3d/grandwarden_gladiator_01_material_dl_opt.pvr",,,"GrandWardenGladiatorSkin","GrandWardenFlyGladiatorSkin",10000,225,225,,,"Grand Warden Deploy","GladiatorWarden Attack",,"GladiatorWarden Attack Air",,,"Grand Warden Die",,,,"L_gunbone_01_s",,,,,,,,"GOLD",,,"true","true","true","false","false","false","false","false","false","false"
"PirateWarden","Grand Warden","false","false",1500,"20211101T0800","TID_PIRATE_WARDEN","image/skin_icons/gw_pirate_dl_opt.png","sc3d/grandwarden_pirate_geo_dl_opt.scw","sc3d/grandwarden_pirate_01_dl_opt.pvr","sc3d/grandwarden_pirate_01_normal_dl_opt.pvr","sc3d/grandwarden_pirate_01_material_dl_opt.pvr",,,"GrandWardenPirateSkin","GrandWardenFlyPirateSkin",10000,225,225,"sfx/tap_grand_warden_04.ogg",90,"Grand Warden Deploy","PirateWarden Attack",,"PirateWarden Attack2",,,"Grand Warden Die",,,,"L_gunbone_01_s",,,,,,,,"GOLD",,,"true","true","true","false","false","false","false","false","false","false"
"NorthWarden","Grand Warden","false","false",1500,"20220101T0800","TID_WARDEN_OF_THE_NORTH","image/skin_icons/gw_winter_dl_opt.png","sc3d/grandwarden_winter_geo_dl_opt.scw","sc3d/grandwarden_winter_01_dl_opt.pvr","sc3d/grandwarden_winter_01_normal_dl_opt.pvr","sc3d/grandwarden_winter_01_material_dl_opt.pvr",,,"GrandWardenWinterSkin","GrandWardenFlyWinterSkin",10000,225,225,"sfx/tap_grand_warden_04.ogg",90,"Grand Warden Deploy","GrandWarden Attack",,"GrandWarden Attack Air",,,"Grand Warden Die",,,,"particle_jnt",,,,,,,,"GOLD",,,"true","true","true","false","false","false","false","false","false","false"
"JungleWarden","Grand Warden","false","false",1500,"20220501T0800","TID_JUNGLE_WARDEN","image/skin_icons/gw_jungle_dl_opt.png","sc3d/grandwarden_jungle_geo_dl_opt.glb","sc3d/grandwarden_jungle_a_dl_opt.pvr","sc3d/grandwarden_jungle_n_dl_opt.pvr","sc3d/grandwarden_jungle_m_dl_opt.pvr",,,"GrandWardenJungleSkin","GrandWardenFlyJungleSkin",10000,225,225,"sfx/tap_grand_warden_04.ogg",90,"Grand Warden Deploy","GrandWarden Attack",,"GrandWarden Attack Air",,,"Grand Warden Die",,,,"particle_jnt",,,,,,,,"GOLD",,,"true","true","true","false","false","false","false","false","false","false"
"GrandWarden008","Grand Warden","false","true",0,,,,,,,,,,,,,,,,,,,,,,,,,,,,,,,,,,,,,,"false","false","false","false","false","false","false","false","false","false"
"WarriorPrincessDefault","Warrior Princess","true","false",0,,"TID_HERO_ROYAL_CHAMPION","image/skin_icons/rc_original.png","sc3d/warriorprincess_default_geo.scw","sc3d/warriorprincess_default_01.pvr",,"sc3d/warriorprincess_default_01_material.pvr",,,"WarriorPrincessDefaultSkin",,10000,225,225,"sfx/rg_alert_01.ogg",90,"Royal Champion Deploy","Warrior Princess Attack",,,,,"Royal Champion Die","Champion Ability Effect",,,"L_gunbone_01_s",,,,,,,,"DEFAULT",,,"false","false","false","false","false","false","false","false","false","false"
"WinterChampion","Warrior Princess","false","false",1500,"20211201T0800","TID_WINTER_CHAMPION","image/skin_icons/rc_winter_dl_opt.png","sc3d/royalchampion_winter_geo_dl_opt.scw","sc3d/royalchampion_winter_01_dl_opt.pvr","sc3d/royalchampion_winter_01_normal_dl_opt.pvr","sc3d/royalchampion_winter_01_material_dl_opt.pvr",,,"WarriorPrincessWinterSkin",,10000,225,225,"sfx/rg_alert_01.ogg",90,"Royal Champion Deploy","Warrior Princess Attack",,,,,"Royal Champion Die","Champion Ability Effect",,,"L_gunbone_01_s","RoyalChampionWinter spear",,"AmazonQueen_shield_winter",,,,,"GOLD",,,"true","true","true","false","false","false","false","false","false","false"
"RogueChampion","Warrior Princess","false","false",1500,"20220401T0800","TID_ROGUE_CHAMPION","image/skin_icons/rc_rogue_dl_opt.png","sc3d/royalchampion_rogue_geo_dl_opt.glb","sc3d/royalchampion_rogue_01_dl_opt.pvr","sc3d/royalchampion_rogue_01_normal_dl_opt.pvr","sc3d/royalchampion_rogue_01_material_dl_opt.pvr",,,"WarriorPrincessRogueSkin",,10000,225,225,"sfx/rg_alert_01.ogg",90,"Royal Champion Deploy","Warrior Princess Attack",,,,,"Royal Champion Die","Champion Ability Effect",,,"L_weapon_01_s","RoyalChampionRogue spear",,"AmazonQueen_shield_rogue",,,,,"GOLD",,,"true","true","true","false","false","false","false","false","false","false"
"JungleChampion","Warrior Princess","false","false",0,,"TID_JUNGLE_CHAMPION","image/skin_icons/rc_jungle_dl_opt.png","sc3d/royalchampion_jungle_geo_dl_opt.glb","sc3d/royalchampion_jungle_01_dl_opt.pvr","sc3d/royalchampion_jungle_01_normal_dl_opt.pvr","sc3d/royalchampion_jungle_01_material_dl_opt.pvr",,,"WarriorPrincessJungleSkin",,10000,225,225,"sfx/rg_alert_01.ogg",90,"Royal Champion Deploy","Warrior Princess Attack",,,,,"Royal Champion Die","Champion Ability Effect",,,"L_weapon_01_s","RoyalChampionJungle spear",,"RoyalChampionJungle shield",,,,,"BASIC",,,"true","true","true","false","false","false","false","false","false","false"
"RoyalChampion004","Warrior Princess","false","false",1500,"20220901T0800","TID_GLADIATOR_CHAMPION","image/skin_icons/rc_champion_dl_opt.png","sc3d/royalchampion_electro_geo_dl_opt.glb","sc3d/royalchampion_electro_a_dl_opt.pvr","sc3d/royalchampion_electro_n_dl_opt.pvr","sc3d/royalchampion_electro_m_dl_opt.pvr","sc3d/royalchampion_electro_e_dl_opt.pvr",,"WarriorPrincessElectroSkin",,10000,225,225,"sfx/rg_alert_01.ogg",90,"Royal Champion Deploy","Warrior Princess Attack",,,,,"Royal Champion Die","Champion Ability Effect",,,"L_weapon_01_s","RoyalChampionGladiator spear",,"RoyalChampionGladiator shield",,,,,"GOLD",,,"true","true","true","false","false","false","false","false","false","false"
"RoyalChampion005","Warrior Princess","false","true",0,,,,,,,,,,,,,,,,,,,,,,,,,,,,,,,,,,,,,,"false","false","false","false","false","false","false","false","false","false"
"RoyalChampion006","Warrior Princess","false","true",0,,,,,,,,,,,,,,,,,,,,,,,,,,,,,,,,,,,,,,"false","false","false","false","false","false","false","false","false","false"
"RoyalChampion007","Warrior Princess","false","true",0,,,,,,,,,,,,,,,,,,,,,,,,,,,,,,,,,,,,,,"false","false","false","false","false","false","false","false","false","false"
"RoyalChampion008","Warrior Princess","false","true",0,,,,,,,,,,,,,,,,,,,,,,,,,,,,,,,,,,,,,,"false","false","false","false","false","false","false","false","false","false"
"RoyalChampion009","Warrior Princess","false","true",0,,,,,,,,,,,,,,,,,,,,,,,,,,,,,,,,,,,,,,"false","false","false","false","false","false","false","false","false","false"
"RoyalChampion010","Warrior Princess","false","true",0,,,,,,,,,,,,,,,,,,,,,,,,,,,,,,,,,,,,,,"false","false","false","false","false","false","false","false","false","false"
"RoyalChampion011","Warrior Princess","false","true",0,,,,,,,,,,,,,,,,,,,,,,,,,,,,,,,,,,,,,,"false","false","false","false","false","false","false","false","false","false"
"RoyalChampion012","Warrior Princess","false","true",0,,,,,,,,,,,,,,,,,,,,,,,,,,,,,,,,,,,,,,"false","false","false","false","false","false","false","false","false","false"
"RoyalChampion013","Warrior Princess","false","true",0,,,,,,,,,,,,,,,,,,,,,,,,,,,,,,,,,,,,,,"false","false","false","false","false","false","false","false","false","false"
"RoyalChampion014","Warrior Princess","false","true",0,,,,,,,,,,,,,,,,,,,,,,,,,,,,,,,,,,,,,,"false","false","false","false","false","false","false","false","false","false"
"RoyalChampion015","Warrior Princess","false","true",0,,,,,,,,,,,,,,,,,,,,,,,,,,,,,,,,,,,,,,"false","false","false","false","false","false","false","false","false","false"
"RoyalChampion016","Warrior Princess","false","true",0,,,,,,,,,,,,,,,,,,,,,,,,,,,,,,,,,,,,,,"false","false","false","false","false","false","false","false","false","false"
"WarriorKing","Barbarian King","false","false",0,,"TID_WARRIOR_KING","image/skin_icons/bk_cny_dl_opt.png","sc3d/barbking_cny_geo_dl_opt.scw","sc3d/barbking_cny_01_dl_opt.pvr","sc3d/barbking_cny_01_normal_dl_opt.pvr","sc3d/barbking_cny_01_material_dl_opt.pvr",,,"BarbarianKingCNYSkin",,10000,225,225,,,"CNY King Deploy","Barbarian King Attack",,,,,"CNY King Die","CNY King Ability Effect",,,,,,,,,,,"LEGENDARY","image/theme_icons/lunar_ny_icon_dl_opt.png","TID_SKIN_THEME_LNY2021","true","true","true","true","true","true","false","false","false","false"
"RoogueKing","Barbarian King","false","false",1500,"20220301T0800","TID_ROGUE_KING","image/skin_icons/bk_rogue_dl_opt.png","sc3d/barbking_rogue_geo_dl_opt.scw","sc3d/barbking_rogue_01_dl_opt.pvr","sc3d/barbking_rogue_01_normal_dl_opt.pvr","sc3d/barbking_rogue_01_material_dl_opt.pvr",,,"BarbarianKingRogueSkin",,10000,225,225,"sfx/barbarian_king_scream_01.ogg",80,"Barbarian King Deploy","Barbarian King Attack",,,,,"Barbarian King Die","King Ability Effect",,,,,,,,,,,"GOLD",,,"true","true","true","false","false","false","false","false","false","false"
,,,,,,,,,,,,,,,,,,,"sfx/barbarian_king_deploy.ogg",90,,,,,,,,,,,,,,,,,,,,,,,,,,,,,,,
"SavageKing","Barbarian King","false","false",0,,"TID_SAVAGE_KING","image/skin_icons/bk_savage_dl_opt.png","sc3d/barbking_savage_geo_dl_opt.glb","sc3d/barbking_savage_a_dl_opt.pvr","sc3d/barbking_savage_n_dl_opt.pvr","sc3d/barbking_savage_m_dl_opt.pvr",,,"BarbarianKingSavageSkin",,10000,225,225,"sfx/barbarian_king_scream_01.ogg",80,"Barbarian King Deploy","Barbarian King Attack",,,,,"Barbarian King Die","King Ability Effect",,,,,,,,,"oni",,"BASIC",,,"true","true","true","false","false","false","false","false","false","false"
,,,,,,,,,,,,,,,,,,,"sfx/barbarian_king_deploy.ogg",90,,,,,,,,,,,,,,,,,,,,,,,,,,,,,,,
"BarbarianKing012","Barbarian King","false","false",1500,"20220701T0800","TID_JUNGLE_KING","image/skin_icons/bk_jungle_dl_opt.png","sc3d/barbking_jungle_geo_dl_opt.glb","sc3d/barbking_jungle_a_dl_opt.pvr","sc3d/barbking_jungle_n_dl_opt.pvr","sc3d/barbking_jungle_m_dl_opt.pvr",,,"BarbarianKingJungleSkin",,10000,225,225,"sfx/barbarian_king_scream_01.ogg",80,"Barbarian King Deploy","Barbarian King Attack",,,,,"Barbarian King Die","King Ability Effect",,,,,,,,,,,"GOLD",,,"true","true","true","false","false","false","false","false","false","false"
,,,,,,,,,,,,,,,,,,,"sfx/barbarian_king_deploy.ogg",90,,,,,,,,,,,,,,,,,,,,,,,,,,,,,,,
"BarbarianKing013","Barbarian King","false","false",0,,"TID_ANNIVERSARY_KING","image/skin_icons/bk_party2_dl_opt.png","sc3d/barbking_party2_geo_dl_opt.glb","sc3d/barbking_party2_a_dl_opt.pvr","sc3d/barbking_party2_n_dl_opt.pvr","sc3d/barbking_party2_m_dl_opt.pvr","sc3d/barbking_party2_e_dl_opt.pvr",,"BarbarianKingAnniversarySkin",,10000,225,225,,,"Party King 2 Deploy","Party King 2 Attack",,,,,"Barbarian King Die","Party King 2 Ability Effect",,"party_bk_purple","B_effect_jnt",,,,"BarbarianParty",,,,"LEGENDARY","image/theme_icons/party_icon_dl_opt.png","TID_SKIN_THEME_ANNIVERSARY2021","true","true","true","true","true","true","true","true","false","false"
"BarbarianKing014","Barbarian King","false","true",0,,,,,,,,,,,,,,,,,,,,,,,,,,,,,,,,,,,,,,"false","false","false","false","false","false","false","false","false","false"
"BarbarianKing015","Barbarian King","false","true",0,,,,,,,,,,,,,,,,,,,,,,,,,,,,,,,,,,,,,,"false","false","false","false","false","false","false","false","false","false"
"BarbarianKing016","Barbarian King","false","true",0,,,,,,,,,,,,,,,,,,,,,,,,,,,,,,,,,,,,,,"false","false","false","false","false","false","false","false","false","false"
"BarbarianKing017","Barbarian King","false","true",0,,,,,,,,,,,,,,,,,,,,,,,,,,,,,,,,,,,,,,"false","false","false","false","false","false","false","false","false","false"
"BarbarianKing018","Barbarian King","false","true",0,,,,,,,,,,,,,,,,,,,,,,,,,,,,,,,,,,,,,,"false","false","false","false","false","false","false","false","false","false"
"BarbarianKing019","Barbarian King","false","true",0,,,,,,,,,,,,,,,,,,,,,,,,,,,,,,,,,,,,,,"false","false","false","false","false","false","false","false","false","false"
"BarbarianKing020","Barbarian King","false","true",0,,,,,,,,,,,,,,,,,,,,,,,,,,,,,,,,,,,,,,"false","false","false","false","false","false","false","false","false","false"
"RogueQueen","Archer Queen","false","false",1500,"20220201T0800","TID_ROGUE_QUEEN","image/skin_icons/aq_rogue_dl_opt.png","sc3d/archerqueen_rogue_geo_dl_opt.scw","sc3d/archerqueen_rogue_01_dl_opt.pvr",,"sc3d/archerqueen_rogue_01_material_dl_opt.pvr",,,"ArcherQueenRogueSkin",,10000,225,225,"sfx/archer_queen_scream_01.ogg",90,"Archer Queen Deploy","ArcherQueen Attack",,,,,"Archer Queen Die","Queen Ability Effect",,,,,,,,,,,"GOLD",,,"false","false","false","false","false","false","false","false","false","false"
"JungleQueen","Archer Queen","false","false",1500,"20220601T0800","TID_JUNGLE_QUEEN","image/skin_icons/aq_jungle_dl_opt.png","sc3d/archerqueen_jungle_geo_dl_opt.glb","sc3d/archerqueen_jungle_a_dl_opt.pvr","sc3d/archerqueen_jungle_n_dl_opt.pvr","sc3d/archerqueen_jungle_m_dl_opt.pvr",,,"ArcherQueenJungleSkin",,10000,225,225,"sfx/archer_queen_scream_01.ogg",90,"Archer Queen Deploy","ArcherQueen Attack",,,,,"Archer Queen Die","Queen Ability Effect",,,"arrow_bow_s",,,,,,,,"GOLD",,,"false","false","false","false","false","false","false","false","false","false"
"ArcherQueen011","Archer Queen","false","false",1500,"20220801T0800","TID_PARTY_QUEEN","image/skin_icons/aq_party_dl_opt.png","sc3d/archerqueen_party_geo_dl_opt.glb","sc3d/archerqueen_party_a_dl_opt.pvr","sc3d/archerqueen_party_n_dl_opt.pvr","sc3d/archerqueen_party_m_dl_opt.pvr",,,"ArcherQueenPartySkin",,10000,225,225,"sfx/archer_queen_scream_01.ogg",90,"Archer Queen Deploy","ArcherQueen Attack",,,,,"Archer Queen Die","Queen Ability Effect",,,"arrow_bow_s","ArcherQueenParty_arrow","ArcherQueenParty_arrow_rage",,,,,,"GOLD","image/theme_icons/party_icon_dl_opt.png","TID_SKIN_THEME_ANNIVERSARY2021","false","false","false","false","false","false","false","false","false","false"
"ArcherQueen012","Archer Queen","false","true",0,,,,,,,,,,,,,,,,,,,,,,,,,,,,,,,,,,,,,,"false","false","false","false","false","false","false","false","false","false"
"ArcherQueen013","Archer Queen","false","true",0,,,,,,,,,,,,,,,,,,,,,,,,,,,,,,,,,,,,,,"false","false","false","false","false","false","false","false","false","false"
"ArcherQueen014","Archer Queen","false","true",0,,,,,,,,,,,,,,,,,,,,,,,,,,,,,,,,,,,,,,"false","false","false","false","false","false","false","false","false","false"
"ArcherQueen015","Archer Queen","false","true",0,,,,,,,,,,,,,,,,,,,,,,,,,,,,,,,,,,,,,,"false","false","false","false","false","false","false","false","false","false"
"ArcherQueen016","Archer Queen","false","true",0,,,,,,,,,,,,,,,,,,,,,,,,,,,,,,,,,,,,,,"false","false","false","false","false","false","false","false","false","false"
"ArcherQueen017","Archer Queen","false","true",0,,,,,,,,,,,,,,,,,,,,,,,,,,,,,,,,,,,,,,"false","false","false","false","false","false","false","false","false","false"
"ArcherQueen018","Archer Queen","false","true",0,,,,,,,,,,,,,,,,,,,,,,,,,,,,,,,,,,,,,,"false","false","false","false","false","false","false","false","false","false"
"ArcherQueen019","Archer Queen","false","true",0,,,,,,,,,,,,,,,,,,,,,,,,,,,,,,,,,,,,,,"false","false","false","false","false","false","false","false","false","false"
"ArcherQueen020","Archer Queen","false","true",0,,,,,,,,,,,,,,,,,,,,,,,,,,,,,,,,,,,,,,"false","false","false","false","false","false","false","false","false","false"
"GrandWarden009","Grand Warden","false","true",0,,,,,,,,,,,,,,,,,,,,,,,,,,,,,,,,,,,,,,"false","false","false","false","false","false","false","false","false","false"
"GrandWarden010","Grand Warden","false","true",0,,,,,,,,,,,,,,,,,,,,,,,,,,,,,,,,,,,,,,"false","false","false","false","false","false","false","false","false","false"
"GrandWarden011","Grand Warden","false","true",0,,,,,,,,,,,,,,,,,,,,,,,,,,,,,,,,,,,,,,"false","false","false","false","false","false","false","false","false","false"
"GrandWarden012","Grand Warden","false","true",0,,,,,,,,,,,,,,,,,,,,,,,,,,,,,,,,,,,,,,"false","false","false","false","false","false","false","false","false","false"
"GrandWarden013","Grand Warden","false","true",0,,,,,,,,,,,,,,,,,,,,,,,,,,,,,,,,,,,,,,"false","false","false","false","false","false","false","false","false","false"
"GrandWarden014","Grand Warden","false","true",0,,,,,,,,,,,,,,,,,,,,,,,,,,,,,,,,,,,,,,"false","false","false","false","false","false","false","false","false","false"
"GrandWarden015","Grand Warden","false","true",0,,,,,,,,,,,,,,,,,,,,,,,,,,,,,,,,,,,,,,"false","false","false","false","false","false","false","false","false","false"
"GrandWarden016","Grand Warden","false","true",0,,,,,,,,,,,,,,,,,,,,,,,,,,,,,,,,,,,,,,"false","false","false","false","false","false","false","false","false","false"
"GrandWarden017","Grand Warden","false","true",0,,,,,,,,,,,,,,,,,,,,,,,,,,,,,,,,,,,,,,"false","false","false","false","false","false","false","false","false","false"
"GrandWarden018","Grand Warden","false","true",0,,,,,,,,,,,,,,,,,,,,,,,,,,,,,,,,,,,,,,"false","false","false","false","false","false","false","false","false","false"
"GrandWarden019","Grand Warden","false","true",0,,,,,,,,,,,,,,,,,,,,,,,,,,,,,,,,,,,,,,"false","false","false","false","false","false","false","false","false","false"
"GrandWarden020","Grand Warden","false","true",0,,,,,,,,,,,,,,,,,,,,,,,,,,,,,,,,,,,,,,"false","false","false","false","false","false","false","false","false","false"
"PetLassiDefault","Barky","true","false",0,,,"image/skin_icons/bk_original.png","sc3d/lassi_default_geo.glb","sc3d/lassi_01_a.pvr","sc3d/lassi_01_n.pvr","sc3d/lassi_01_m.pvr","sc3d/lassi_01_e.pvr",,"PetLassiDefault",,10000,225,225,,,,,,,,,,,,,,,,,,"New",,105,"DEFAULT",,,"false","false","false","false","false","false","false","false","false","false"
"PetYakDefault","Bulldozer","true","false",0,,,"image/skin_icons/bk_original.png","sc3d/yak_default_geo.glb","sc3d/yak_default_a.pvr","sc3d/yak_default_n.pvr","sc3d/yak_default_m.pvr",,,"PetYakDefault",,10000,225,225,,,,,,,,,,,,,,,,,,"New",,130,"DEFAULT",,,"false","false","false","false","false","false","false","false","false","false"
"PetEowlDefault","Electrowl","true","false",0,,,"image/skin_icons/bk_original.png","sc3d/electro_owl_default_geo.glb","sc3d/electro_owl_default_a.pvr","sc3d/electro_owl_default_n.pvr","sc3d/electro_owl_default_m.pvr","sc3d/electro_owl_default_e.pvr",,"PetEowlDefault",,10000,225,225,,,,,,,,,,,,,,,,,,"New",,82,"DEFAULT",,,"false","false","false","false","false","false","false","false","false","false"
"PetUnicornDefault","Unipony","true","false",0,,,"image/skin_icons/bk_original.png","sc3d/unicorn_default_geo.glb","sc3d/unicorn_default_a.pvr","sc3d/unicorn_default_n.pvr","sc3d/unicorn_default_m.pvr","sc3d/unicorn_default_e.pvr",,"PetUnicornDefault",,10000,225,225,,,,,,,,,,,,,,,,,,"New",,95,"DEFAULT",,,"false","false","false","false","false","false","false","false","false","false"
